M_Shannon_radius_CN6,A_Shannon_radius_CN6,M_Atomic_electron_scattering_factor_at_0.5,"M_Atomic_environment_number_Villars,_Daams","M_Atomic_number_start_counting_left_top,_left-right_sequence",M_Atomic_weight,M_Boiling_temperature,M_Charge_nuclear_effective_Clementi,M_Compression_modulus,M_Conductivity_thermal,M_Density,M_Distance_from_core_electron_Schubert,M_Distance_from_valence_electron_Schubert,M_Electrochemical_weight_equivalent,M_Electronegativity_Alfred-Rochow,M_Electronegativity_Martynov&Batsanov,M_Electronegativity_Pauling,M_Electronegativity_absolute,M_Energy_cohesive_Brewer,M_Energy_of_ionization_first,M_Energy_of_ionization_second,M_Energy_of_ionization_third,M_Enthalpy_of_atomization,M_Enthalpy_of_melting,M_Enthalpy_of_vaporization,M_Entropy_of_solid,M_Group_number,M_Magnetic_frequency_of_nuclei,M_Magnetic_resonance,M_Mass_attenuation_coefficient_CrKα,M_Mass_attenuation_coefficient_FeKα,M_Mass_attenuation_coefficient_for_CuKα,M_Mass_attenuation_coefficient_for_MoKα,M_Melting_temperature,M_Mendeleev_H_d-t_start_left,M_Mendeleev_H_d-t_start_right,M_Mendeleev_H_t-d_start_left,M_Mendeleev_H_t-d_start_right,M_Mendeleev_Pettifor,M_Mendeleev_Pettifor_regular,M_Mendeleev_chemists_sequence,M_Mendeleev_d-t_start_left,M_Mendeleev_d-t_start_right,M_Mendeleev_t-d_start_left,M_Mendeleev_t-d_start_right,M_Molar_heat_capacity,M_Moment_nuclear_magnetic,M_Nuclear_charge_effective_Slater,M_Oxidation_state_first,"M_Periodic_number_start_counting_bottom_right,_right-left_sequence","M_Periodic_number_start_counting_left_bottom,_left-right_sequence","M_Periodic_number_start_counting_top_right,_right-left_sequence",M_Quantum_number,M_Radii_covalent,M_Radii_metal_Waber,M_Radii_pseudo-potential_Zunger,M_Spectral_lines_n_o,M_Spin_nuclei,M_Thermal_neutron_capture_cross_section,M_Valence_electron_number,"M_Volume_of_atom_Villars,_Daams",A_Atomic_electron_scattering_factor_at_0.5,"A_Atomic_environment_number_Villars,_Daams","A_Atomic_number_start_counting_left_top,_left-right_sequence",A_Atomic_weight,A_Boiling_temperature,A_Charge_nuclear_effective_Clementi,A_Compression_modulus,A_Conductivity_thermal,A_Density,A_Distance_from_core_electron_Schubert,A_Distance_from_valence_electron_Schubert,A_Electrochemical_weight_equivalent,A_Electronegativity_Alfred-Rochow,A_Electronegativity_Martynov&Batsanov,A_Electronegativity_Pauling,A_Electronegativity_absolute,A_Energy_cohesive_Brewer,A_Energy_of_ionization_first,A_Energy_of_ionization_second,A_Energy_of_ionization_third,A_Enthalpy_of_atomization,A_Enthalpy_of_melting,A_Enthalpy_of_vaporization,A_Entropy_of_solid,A_Group_number,A_Magnetic_frequency_of_nuclei,A_Magnetic_resonance,A_Mass_attenuation_coefficient_CrKα,A_Mass_attenuation_coefficient_FeKα,A_Mass_attenuation_coefficient_for_CuKα,A_Mass_attenuation_coefficient_for_MoKα,A_Melting_temperature,A_Mendeleev_H_d-t_start_left,A_Mendeleev_H_d-t_start_right,A_Mendeleev_H_t-d_start_left,A_Mendeleev_H_t-d_start_right,A_Mendeleev_Pettifor,A_Mendeleev_Pettifor_regular,A_Mendeleev_chemists_sequence,A_Mendeleev_d-t_start_left,A_Mendeleev_d-t_start_right,A_Mendeleev_t-d_start_left,A_Mendeleev_t-d_start_right,A_Molar_heat_capacity,A_Moment_nuclear_magnetic,A_Nuclear_charge_effective_Slater,A_Oxidation_state_first,"A_Periodic_number_start_counting_bottom_right,_right-left_sequence","A_Periodic_number_start_counting_left_bottom,_left-right_sequence","A_Periodic_number_start_counting_top_right,_right-left_sequence",A_Quantum_number,A_Radii_covalent,A_Radii_metal_Waber,A_Radii_pseudo-potential_Zunger,A_Spectral_lines_n_o,A_Spin_nuclei,A_Thermal_neutron_capture_cross_section,A_Valence_electron_number,"A_Volume_of_atom_Villars,_Daams",d(M-M),Average bond length (Å),Polyhedral volume (Å^3),Distortion index (bond length),Quadratic elongation,Bond angle variance (deg.^2),Effective coordination number,a,b,c,alpha,beta,gamma,space_group_number,cell_volume,Z,cell_volume/Z
0.62,0.76,1.53,4,31,69.723,2473,6.22,0.569,40.6,5907,1.38,2,0.24083,1.82,1.7,1.6,3.2,2.81,578.8,1979,2963,277,5.59,254,41.11438,3,30.495,10.2188,212,131,55.9,60.1,303,74,30,74,30,81,78,76,75,29,75,29,25.86,2.011,5,3,73,80,24,4,1.25,1.411,1.695,55,1.5,2.9,3,1.947,0.08,14,3,6.941,1603,1.28,0.116,84.7,531,1.75,3.06,0.07192,0.97,0.9,1,3.01,1.63,520.2,7298,11815,159.4,2.93,135,28.2609,1,38.863,16.5465,1.96,1.25,0.716,0.22,453,6,103,1,98,12,12,8,6,102,2,98,24.77,3.256,1.3,1,101,94,10,2,1.23,1.562,1.61,29,1.5,0.045,1,2.162,4.758655,1.9016,9.12155,0.007495,1.00355,12.07405,5.9837,14.18644836,8.5229487,9.88124522,90,95.58781999,90,15,1189.067749,12,99.08897905
0.535,0.933333333,0.3,12,13,26.982,2740,4.07,0.722,237,2698,1.25,2.01,0.09316,1.47,1.64,1.5,3.23,3.39,577.6,1817,2745,326.4,10.5,284,28.34464,3,26.057,11.094,152,93.9,48.6,5.16,933,75,31,73,29,80,79,75,76,30,74,28,24.2,3.639,3.5,3,91,88,16,3,1.25,1.432,1.675,116,2.5,0.233,3,1.66,0.212,14,8.333333333,17.63966667,1303,2.1,0.084,122.2333333,824.3333333,1.296666667,3.506666667,0.182846667,0.996666667,0.893333333,0.933333333,2.903333333,1.283333333,503.9333333,5474,8546.333333,124.6666667,2.736666667,112.3333333,43.50085333,1,30.58833333,13.02356667,64.18666667,39.48333333,20.30533333,2.213333333,398.3333333,5.333333333,102.3333333,1.666666667,98.66666667,11.33333333,11.33333333,7.333333333,5.333333333,101.3333333,2.666666667,98.66666667,27.08333333,2.562666667,1.9,1,95.66666667,88.66666667,15.33333333,2.666666667,1.436666667,1.794666667,2.303333333,65,1.5,0.368333333,1,3.338,5.379,1.8338,8.2218,0.00086,1.0001,0.2124,5.9998,5.332413,5.44491,9.27834599,90,125.1907547,90,14,220.1575316,2,110.0787658
0.535,0.89,0.3,12,13,26.982,2740,4.07,0.722,237,2698,1.25,2.01,0.09316,1.47,1.64,1.5,3.23,3.39,577.6,1817,2745,326.4,10.5,284,28.34464,3,26.057,11.094,152,93.9,48.6,5.16,933,75,31,73,29,80,79,75,76,30,74,28,24.2,3.639,3.5,3,91,88,16,3,1.25,1.432,1.675,116,2.5,0.233,3,1.66,0.179,14,7,14.965,1378,1.895,0.092,112.85,751,1.41,3.395,0.155115,0.99,0.895,0.95,2.93,1.37,508,5930,9363.5,133.35,2.785,118,39.690865,1,32.657,13.9043,48.63,29.925,15.408,1.715,412,5.5,102.5,1.5,98.5,11.5,11.5,7.5,5.5,101.5,2.5,98.5,26.505,2.736,1.75,1,97,90,14,2.5,1.385,1.7365,2.13,56,1.5,0.2875,1,3.044,5.19064,1.8096,7.884,0,1.0014,5.2837,6,11.98728004,11.98728004,11.98728004,90,90,90,230,1722.5108,8,215.31385
0.8,0.89,2.2,12,49,114.818,2273,8.47,0.411,81.6,7282,1.49,2.3,0.39641,1.49,1.63,1.7,3.1,2.52,558.3,1821,2705,243.3,3.26,225,57.123,3,21.914,9.331,638,432,243,29.3,430,73,29,75,31,79,77,77,74,28,76,30,26.74,5.507,5,3,55,62,42,5,1.5,1.663,2.05,56,4.5,194,3,2.617,0.179,14,7,14.965,1378,1.895,0.092,112.85,751,1.41,3.395,0.155115,0.99,0.895,0.95,2.93,1.37,508,5930,9363.5,133.35,2.785,118,39.690865,1,32.657,13.9043,48.63,29.925,15.408,1.715,412,5.5,102.5,1.5,98.5,11.5,11.5,7.5,5.5,101.5,2.5,98.5,26.505,2.736,1.75,1,97,90,14,2.5,1.385,1.7365,2.13,56,1.5,0.2875,1,3.044,5.58411,2.1087,12.4073,0,1.0051,18.9811,6,12.895952,12.895952,12.895952,90,90,90,230,2144.668751,8,268.0835939
0.745,0.89,1.12,12,21,44.956,3003,4.63,0.435,15.8,2880,1.1,2.21,0.15579,1.2,1.5,1.3,3.34,3.9,631,1235,2389,377.8,15.77,305,34.6,3,24.29,10.3434,513,336,184,21.1,1812,16,91,13,88,19,35,25,17,90,14,87,25.52,4.749,3,3,83,70,34,4,1.44,1.941,2.75,93,3.5,27.2,3,2.5,0.179,14,7,14.965,1378,1.895,0.092,112.85,751,1.41,3.395,0.155115,0.99,0.895,0.95,2.93,1.37,508,5930,9363.5,133.35,2.785,118,39.690865,1,32.657,13.9043,48.63,29.925,15.408,1.715,412,5.5,102.5,1.5,98.5,11.5,11.5,7.5,5.5,101.5,2.5,98.5,26.505,2.736,1.75,1,97,90,14,2.5,1.385,1.7365,2.13,56,1.5,0.2875,1,3.044,5.53096,2.037,11.2112,0,1.0035,12.9556,6,12.773202,12.773202,12.773202,90,90,90,230,2084.007804,8,260.5009755
0.535,0.97,0.3,12,13,26.982,2740,4.07,0.722,237,2698,1.25,2.01,0.09316,1.47,1.64,1.5,3.23,3.39,577.6,1817,2745,326.4,10.5,284,28.34464,3,26.057,11.094,152,93.9,48.6,5.16,933,75,31,73,29,80,79,75,76,30,74,28,24.2,3.639,3.5,3,91,88,16,3,1.25,1.432,1.675,116,2.5,0.233,3,1.66,0.94,13,20.5,47.2805,1628,3.675,0.116,66.85,1535.5,1.57,2.99,0.26298,0.98,1.015,1,2.505,1.675,534.85,4181,8011,161.9,5.565,136,40.29795,1.5,21.598,9.1958,187.48,118.625,62.858,47.61,748,7.5,98.5,5.5,96.5,13.5,14,9.5,8,97.5,6.5,96,25.585,2.1725,2.075,1.5,83.5,72.5,31.5,3.5,1.575,1.8565,2.41,60.5,3,0.6225,1.5,3.897,5.89209,1.8069,7.8225,0,1.0036,13.0376,6,5.04037579,5.04037579,10.24660224,90,90,120,163,225.4427863,2,112.7213931
0.62,0.97,1.53,4,31,69.723,2473,6.22,0.569,40.6,5907,1.38,2,0.24083,1.82,1.7,1.6,3.2,2.81,578.8,1979,2963,277,5.59,254,41.11438,3,30.495,10.2188,212,131,55.9,60.1,303,74,30,74,30,81,78,76,75,29,75,29,25.86,2.011,5,3,73,80,24,4,1.25,1.411,1.695,55,1.5,2.9,3,1.947,0.94,13,20.5,47.2805,1628,3.675,0.116,66.85,1535.5,1.57,2.99,0.26298,0.98,1.015,1,2.505,1.675,534.85,4181,8011,161.9,5.565,136,40.29795,1.5,21.598,9.1958,187.48,118.625,62.858,47.61,748,7.5,98.5,5.5,96.5,13.5,14,9.5,8,97.5,6.5,96,25.585,2.1725,2.075,1.5,83.5,72.5,31.5,3.5,1.575,1.8565,2.41,60.5,3,0.6225,1.5,3.897,6.0431,1.9247,9.4525,0,1.0038,13.6248,6,5.2319006,5.2319006,10.468016,90,90,120,163,248.1498278,2,124.0749139
0.535,1.02,0.3,12,13,26.982,2740,4.07,0.722,237,2698,1.25,2.01,0.09316,1.47,1.64,1.5,3.23,3.39,577.6,1817,2745,326.4,10.5,284,28.34464,3,26.057,11.094,152,93.9,48.6,5.16,933,75,31,73,29,80,79,75,76,30,74,28,24.2,3.639,3.5,3,91,88,16,3,1.25,1.432,1.675,116,2.5,0.233,3,1.66,0.278,14,11,22.989,1153,2.51,0.068,141,971,1.07,3.73,0.23831,1.01,0.89,0.9,2.85,1.11,495.8,4562,6912,107.3,2.64,101,51.12083,1,26.451,11.2621,95.3,58.6,30.1,3.21,371,5,102,2,99,11,11,7,5,101,3,99,28.24,2.216,2.2,1,93,86,18,3,1.54,1.911,2.65,83,1.5,0.53,1,3.926,5.51027,1.8077,7.8755,0.0013,1.0001,0.2523,5.9995,5.4306,5.6069,7.7944,90,90.155,90,14,237.329501,2,118.6647505
0.62,1.02,1.53,4,31,69.723,2473,6.22,0.569,40.6,5907,1.38,2,0.24083,1.82,1.7,1.6,3.2,2.81,578.8,1979,2963,277,5.59,254,41.11438,3,30.495,10.2188,212,131,55.9,60.1,303,74,30,74,30,81,78,76,75,29,75,29,25.86,2.011,5,3,73,80,24,4,1.25,1.411,1.695,55,1.5,2.9,3,1.947,0.278,14,11,22.989,1153,2.51,0.068,141,971,1.07,3.73,0.23831,1.01,0.89,0.9,2.85,1.11,495.8,4562,6912,107.3,2.64,101,51.12083,1,26.451,11.2621,95.3,58.6,30.1,3.21,371,5,102,2,99,11,11,7,5,101,3,99,28.24,2.216,2.2,1,93,86,18,3,1.54,1.911,2.65,83,1.5,0.53,1,3.926,5.476,1.8902,9,0.00228,1.0003,1.0034,5.9988,5.476,5.6862,7.9009,90,90.309,90,14,246.0117327,2,123.0058663
0.745,1.38,1.12,12,21,44.956,3003,4.63,0.435,15.8,2880,1.1,2.21,0.15579,1.2,1.5,1.3,3.34,3.9,631,1235,2389,377.8,15.77,305,34.6,3,24.29,10.3434,513,336,184,21.1,1812,16,91,13,88,19,35,25,17,90,14,87,25.52,4.749,3,3,83,70,34,4,1.44,1.941,2.75,93,3.5,27.2,3,2.5,0.43,14,19,39.098,1032,3.5,0.032,102,862,1.32,4.6,0.40514,0.91,0.8,0.8,2.42,0.93,418.8,3051,4411,89.2,2.39,76.9,64.43485,1,4.667,1.9864,417,266,143,15.8,337,4,101,3,100,10,10,6,4,100,4,100,29.58,0.391,2.2,1,85,68,36,4,2.03,2.376,3.69,87,1.5,2.1,1,7.572,6.33091,2.0106,10.8377,0,1,0,6,8.95326562,8.95326562,8.95326562,90,90,90,225,717.7024143,4,179.4256036
0.535,1.173333333,0.3,12,13,26.982,2740,4.07,0.722,237,2698,1.25,2.01,0.09316,1.47,1.64,1.5,3.23,3.39,577.6,1817,2745,326.4,10.5,284,28.34464,3,26.057,11.094,152,93.9,48.6,5.16,933,75,31,73,29,80,79,75,76,30,74,28,24.2,3.639,3.5,3,91,88,16,3,1.25,1.432,1.675,116,2.5,0.233,3,1.66,0.313333333,14,13.66666667,28.379,1222.333333,2.76,0.06,96.23333333,751.6666667,1.463333333,4.086666667,0.294066667,0.93,0.833333333,0.866666667,2.616666667,1.163333333,452.6,4466.666667,6879,112.6,2.57,96.26666667,52.37686667,1,16.06566667,6.839766667,278.6533333,177.75,95.572,10.60666667,375.6666667,4.666666667,101.6666667,2.333333333,99.33333333,10.66666667,10.66666667,6.666666667,4.666666667,100.6666667,3.333333333,99.33333333,27.97666667,1.346,1.9,1,90.33333333,76.66666667,27.33333333,3.333333333,1.763333333,2.104666667,2.996666667,67.66666667,1.5,1.415,1,5.768666667,5.64177,1.8448,8.3713,0,1,0,6,7.978666,7.978666,7.978666,90,90,90,225,507.9147856,4,126.9786964
0.62,1.173333333,1.53,4,31,69.723,2473,6.22,0.569,40.6,5907,1.38,2,0.24083,1.82,1.7,1.6,3.2,2.81,578.8,1979,2963,277,5.59,254,41.11438,3,30.495,10.2188,212,131,55.9,60.1,303,74,30,74,30,81,78,76,75,29,75,29,25.86,2.011,5,3,73,80,24,4,1.25,1.411,1.695,55,1.5,2.9,3,1.947,0.313333333,14,13.66666667,28.379,1222.333333,2.76,0.06,96.23333333,751.6666667,1.463333333,4.086666667,0.294066667,0.93,0.833333333,0.866666667,2.616666667,1.163333333,452.6,4466.666667,6879,112.6,2.57,96.26666667,52.37686667,1,16.06566667,6.839766667,278.6533333,177.75,95.572,10.60666667,375.6666667,4.666666667,101.6666667,2.333333333,99.33333333,10.66666667,10.66666667,6.666666667,4.666666667,100.6666667,3.333333333,99.33333333,27.97666667,1.346,1.9,1,90.33333333,76.66666667,27.33333333,3.333333333,1.763333333,2.104666667,2.996666667,67.66666667,1.5,1.415,1,5.768666667,5.73352,1.9338,9.6423,0,1,0,6,8.10842,8.10842,8.10842,90,90,90,225,533.100032,4,133.275008
0.8,1.173333333,2.2,12,49,114.818,2273,8.47,0.411,81.6,7282,1.49,2.3,0.39641,1.49,1.63,1.7,3.1,2.52,558.3,1821,2705,243.3,3.26,225,57.123,3,21.914,9.331,638,432,243,29.3,430,73,29,75,31,79,77,77,74,28,76,30,26.74,5.507,5,3,55,62,42,5,1.5,1.663,2.05,56,4.5,194,3,2.617,0.313333333,14,13.66666667,28.379,1222.333333,2.76,0.06,96.23333333,751.6666667,1.463333333,4.086666667,0.294066667,0.93,0.833333333,0.866666667,2.616666667,1.163333333,452.6,4466.666667,6879,112.6,2.57,96.26666667,52.37686667,1,16.06566667,6.839766667,278.6533333,177.75,95.572,10.60666667,375.6666667,4.666666667,101.6666667,2.333333333,99.33333333,10.66666667,10.66666667,6.666666667,4.666666667,100.6666667,3.333333333,99.33333333,27.97666667,1.346,1.9,1,90.33333333,76.66666667,27.33333333,3.333333333,1.763333333,2.104666667,2.996666667,67.66666667,1.5,1.415,1,5.768666667,5.9379,2.1046,12.4291,0,1,0,6,8.397454,8.397454,8.397454,90,90,90,225,592.1652261,4,148.0413065
0.535,1.26,0.3,12,13,26.982,2740,4.07,0.722,237,2698,1.25,2.01,0.09316,1.47,1.64,1.5,3.23,3.39,577.6,1817,2745,326.4,10.5,284,28.34464,3,26.057,11.094,152,93.9,48.6,5.16,933,75,31,73,29,80,79,75,76,30,74,28,24.2,3.639,3.5,3,91,88,16,3,1.25,1.432,1.675,116,2.5,0.233,3,1.66,0.379333333,14,16.33333333,33.72833333,1072.333333,3.17,0.044,115,898.3333333,1.236666667,4.31,0.34953,0.943333333,0.83,0.833333333,2.563333333,0.99,444.4666667,3554.666667,5244.666667,95.23333333,2.473333333,84.93333333,59.99684333,1,11.92833333,5.0783,309.7666667,196.8666667,105.3666667,11.60333333,348.3333333,4.333333333,101.3333333,2.666666667,99.66666667,10.33333333,10.33333333,6.333333333,4.333333333,100.3333333,3.666666667,99.66666667,29.13333333,0.999333333,2.2,1,87.66666667,74,30,3.666666667,1.866666667,2.221,3.343333333,85.66666667,1.5,1.576666667,1,6.356666667,5.83613,1.838,8.2788,0,1,0,6,8.253534,8.253534,8.253534,90,90,90,225,562.2375328,4,140.5593832
0.62,1.26,1.53,4,31,69.723,2473,6.22,0.569,40.6,5907,1.38,2,0.24083,1.82,1.7,1.6,3.2,2.81,578.8,1979,2963,277,5.59,254,41.11438,3,30.495,10.2188,212,131,55.9,60.1,303,74,30,74,30,81,78,76,75,29,75,29,25.86,2.011,5,3,73,80,24,4,1.25,1.411,1.695,55,1.5,2.9,3,1.947,0.379333333,14,16.33333333,33.72833333,1072.333333,3.17,0.044,115,898.3333333,1.236666667,4.31,0.34953,0.943333333,0.83,0.833333333,2.563333333,0.99,444.4666667,3554.666667,5244.666667,95.23333333,2.473333333,84.93333333,59.99684333,1,11.92833333,5.0783,309.7666667,196.8666667,105.3666667,11.60333333,348.3333333,4.333333333,101.3333333,2.666666667,99.66666667,10.33333333,10.33333333,6.333333333,4.333333333,100.3333333,3.666666667,99.66666667,29.13333333,0.999333333,2.2,1,87.66666667,74,30,3.666666667,1.866666667,2.221,3.343333333,85.66666667,1.5,1.576666667,1,6.356666667,5.94292,1.9268,9.5384,0,1,0,6,8.404558,8.404558,8.404558,90,90,90,225,593.6693611,4,148.4173403
0.8,1.26,2.2,12,49,114.818,2273,8.47,0.411,81.6,7282,1.49,2.3,0.39641,1.49,1.63,1.7,3.1,2.52,558.3,1821,2705,243.3,3.26,225,57.123,3,21.914,9.331,638,432,243,29.3,430,73,29,75,31,79,77,77,74,28,76,30,26.74,5.507,5,3,55,62,42,5,1.5,1.663,2.05,56,4.5,194,3,2.617,0.379333333,14,16.33333333,33.72833333,1072.333333,3.17,0.044,115,898.3333333,1.236666667,4.31,0.34953,0.943333333,0.83,0.833333333,2.563333333,0.99,444.4666667,3554.666667,5244.666667,95.23333333,2.473333333,84.93333333,59.99684333,1,11.92833333,5.0783,309.7666667,196.8666667,105.3666667,11.60333333,348.3333333,4.333333333,101.3333333,2.666666667,99.66666667,10.33333333,10.33333333,6.333333333,4.333333333,100.3333333,3.666666667,99.66666667,29.13333333,0.999333333,2.2,1,87.66666667,74,30,3.666666667,1.866666667,2.221,3.343333333,85.66666667,1.5,1.576666667,1,6.356666667,6.17416,2.1001,12.3495,0,1,0,6,8.731584,8.731584,8.731584,90,90,90,225,665.7008464,4,166.4252116
0.745,1.26,1.12,12,21,44.956,3003,4.63,0.435,15.8,2880,1.1,2.21,0.15579,1.2,1.5,1.3,3.34,3.9,631,1235,2389,377.8,15.77,305,34.6,3,24.29,10.3434,513,336,184,21.1,1812,16,91,13,88,19,35,25,17,90,14,87,25.52,4.749,3,3,83,70,34,4,1.44,1.941,2.75,93,3.5,27.2,3,2.5,0.379333333,14,16.33333333,33.72833333,1072.333333,3.17,0.044,115,898.3333333,1.236666667,4.31,0.34953,0.943333333,0.83,0.833333333,2.563333333,0.99,444.4666667,3554.666667,5244.666667,95.23333333,2.473333333,84.93333333,59.99684333,1,11.92833333,5.0783,309.7666667,196.8666667,105.3666667,11.60333333,348.3333333,4.333333333,101.3333333,2.666666667,99.66666667,10.33333333,10.33333333,6.333333333,4.333333333,100.3333333,3.666666667,99.66666667,29.13333333,0.999333333,2.2,1,87.66666667,74,30,3.666666667,1.866666667,2.221,3.343333333,85.66666667,1.5,1.576666667,1,6.356666667,6.08798,2.0304,11.1604,0,1,0,6,8.60971,8.60971,8.60971,90,90,90,225,638.2128882,4,159.5532221
0.8,1.38,2.2,12,49,114.818,2273,8.47,0.411,81.6,7282,1.49,2.3,0.39641,1.49,1.63,1.7,3.1,2.52,558.3,1821,2705,243.3,3.26,225,57.123,3,21.914,9.331,638,432,243,29.3,430,73,29,75,31,79,77,77,74,28,76,30,26.74,5.507,5,3,55,62,42,5,1.5,1.663,2.05,56,4.5,194,3,2.617,0.43,14,19,39.098,1032,3.5,0.032,102,862,1.32,4.6,0.40514,0.91,0.8,0.8,2.42,0.93,418.8,3051,4411,89.2,2.39,76.9,64.43485,1,4.667,1.9864,417,266,143,15.8,337,4,101,3,100,10,10,6,4,100,4,100,29.58,0.391,2.2,1,85,68,36,4,2.03,2.376,3.69,87,1.5,2.1,1,7.572,6.71569,2.0853,12.0526,0.010205,1.00225,7.3164,5.97035,7.86791494,7.86791494,11.93126709,90,90,90,128,738.5941781,2,369.297089
0.535,1.52,0.3,12,13,26.982,2740,4.07,0.722,237,2698,1.25,2.01,0.09316,1.47,1.64,1.5,3.23,3.39,577.6,1817,2745,326.4,10.5,284,28.34464,3,26.057,11.094,152,93.9,48.6,5.16,933,75,31,73,29,80,79,75,76,30,74,28,24.2,3.639,3.5,3,91,88,16,3,1.25,1.432,1.675,116,2.5,0.233,3,1.66,1.77,14,37,85.4678,961,4.98,0.031,52.8,1532,1.43,4.9,0.8858,0.89,0.8,0.8,2.34,0.85,403,2632,3859,80.9,2.2,69,76.2835,1,32.721,13.932,351,221,117,90,312,3,100,4,101,9,9,5,3,99,5,101,31.062,1.348,2.2,1,67,50,54,5,2.17,2.546,4.1,97,2.5,0.38,1,9.284,6.25409,1.8117,7.9286,0,1,0,6,8.84461888,8.84461888,8.84461888,90,90,90,225,691.8905053,4,172.9726263
0.62,1.266666667,1.53,4,31,69.723,2473,6.22,0.569,40.6,5907,1.38,2,0.24083,1.82,1.7,1.6,3.2,2.81,578.8,1979,2963,277,5.59,254,41.11438,3,30.495,10.2188,212,131,55.9,60.1,303,74,30,74,30,81,78,76,75,29,75,29,25.86,2.011,5,3,73,80,24,4,1.25,1.411,1.695,55,1.5,2.9,3,1.947,1.206666667,14,25.66666667,59.2922,1175,3.746666667,0.059333333,63.43333333,1198.333333,1.536666667,4.286666667,0.614506667,0.916666667,0.833333333,0.866666667,2.563333333,1.11,442.0666667,4187.333333,6511,107.0666667,2.443333333,91,60.27596667,1,34.76833333,14.8035,234.6533333,147.75,78.23866667,60.07333333,359,4,101,3,100,10,10,6,4,100,4,100,28.96466667,1.984,1.9,1,78.33333333,64.66666667,39.33333333,4,1.856666667,2.218,3.27,74.33333333,2.166666667,0.268333333,1,6.91,5.96682,1.9354,9.6386,0,1.00205,7.43925,6,5.96681981,5.96681981,29.03644958,90,90,120,166,895.2822819,6,149.2137136
0.8,1.266666667,2.2,12,49,114.818,2273,8.47,0.411,81.6,7282,1.49,2.3,0.39641,1.49,1.63,1.7,3.1,2.52,558.3,1821,2705,243.3,3.26,225,57.123,3,21.914,9.331,638,432,243,29.3,430,73,29,75,31,79,77,77,74,28,76,30,26.74,5.507,5,3,55,62,42,5,1.5,1.663,2.05,56,4.5,194,3,2.617,1.206666667,14,25.66666667,59.2922,1175,3.746666667,0.059333333,63.43333333,1198.333333,1.536666667,4.286666667,0.614506667,0.916666667,0.833333333,0.866666667,2.563333333,1.11,442.0666667,4187.333333,6511,107.0666667,2.443333333,91,60.27596667,1,34.76833333,14.8035,234.6533333,147.75,78.23866667,60.07333333,359,4,101,3,100,10,10,6,4,100,4,100,28.96466667,1.984,1.9,1,78.33333333,64.66666667,39.33333333,4,1.856666667,2.218,3.27,74.33333333,2.166666667,0.268333333,1,6.91,6.05927,2.1179,12.6661,0,1,0,6,8.569104,8.569104,8.569104,90,90,90,225,629.2253937,4,157.3063484
0.535,1.353333333,0.3,12,13,26.982,2740,4.07,0.722,237,2698,1.25,2.01,0.09316,1.47,1.64,1.5,3.23,3.39,577.6,1817,2745,326.4,10.5,284,28.34464,3,26.057,11.094,152,93.9,48.6,5.16,933,75,31,73,29,80,79,75,76,30,74,28,24.2,3.639,3.5,3,91,88,16,3,1.25,1.432,1.675,116,2.5,0.233,3,1.66,1.272666667,14,28.33333333,64.64153333,1025,4.156666667,0.043333333,82.2,1345,1.31,4.51,0.66997,0.93,0.83,0.833333333,2.51,0.936666667,433.9333333,3275.333333,4876.666667,89.7,2.346666667,79.66666667,67.89594333,1,30.631,13.04203333,265.7666667,166.8666667,88.03333333,61.07,331.6666667,3.666666667,100.6666667,3.333333333,100.3333333,9.666666667,9.666666667,5.666666667,3.666666667,99.66666667,4.333333333,100.3333333,30.12133333,1.637333333,2.2,1,75.66666667,62,42,4.333333333,1.96,2.334333333,3.616666667,92.33333333,2.166666667,0.43,1,7.498,5.97454,1.8496,8.4363,0,1,0,6,8.449278,8.449278,8.449278,90,90,90,225,603.1964804,4,150.7991201
0.62,1.353333333,1.53,4,31,69.723,2473,6.22,0.569,40.6,5907,1.38,2,0.24083,1.82,1.7,1.6,3.2,2.81,578.8,1979,2963,277,5.59,254,41.11438,3,30.495,10.2188,212,131,55.9,60.1,303,74,30,74,30,81,78,76,75,29,75,29,25.86,2.011,5,3,73,80,24,4,1.25,1.411,1.695,55,1.5,2.9,3,1.947,1.272666667,14,28.33333333,64.64153333,1025,4.156666667,0.043333333,82.2,1345,1.31,4.51,0.66997,0.93,0.83,0.833333333,2.51,0.936666667,433.9333333,3275.333333,4876.666667,89.7,2.346666667,79.66666667,67.89594333,1,30.631,13.04203333,265.7666667,166.8666667,88.03333333,61.07,331.6666667,3.666666667,100.6666667,3.333333333,100.3333333,9.666666667,9.666666667,5.666666667,3.666666667,99.66666667,4.333333333,100.3333333,30.12133333,1.637333333,2.2,1,75.66666667,62,42,4.333333333,1.96,2.334333333,3.616666667,92.33333333,2.166666667,0.43,1,7.498,6.05924,1.9386,9.7135,0,1,0,6,8.569062,8.569062,8.569062,90,90,90,225,629.2161417,4,157.3040354
0.8,1.353333333,2.2,12,49,114.818,2273,8.47,0.411,81.6,7282,1.49,2.3,0.39641,1.49,1.63,1.7,3.1,2.52,558.3,1821,2705,243.3,3.26,225,57.123,3,21.914,9.331,638,432,243,29.3,430,73,29,75,31,79,77,77,74,28,76,30,26.74,5.507,5,3,55,62,42,5,1.5,1.663,2.05,56,4.5,194,3,2.617,1.272666667,14,28.33333333,64.64153333,1025,4.156666667,0.043333333,82.2,1345,1.31,4.51,0.66997,0.93,0.83,0.833333333,2.51,0.936666667,433.9333333,3275.333333,4876.666667,89.7,2.346666667,79.66666667,67.89594333,1,30.631,13.04203333,265.7666667,166.8666667,88.03333333,61.07,331.6666667,3.666666667,100.6666667,3.333333333,100.3333333,9.666666667,9.666666667,5.666666667,3.666666667,99.66666667,4.333333333,100.3333333,30.12133333,1.637333333,2.2,1,75.66666667,62,42,4.333333333,1.96,2.334333333,3.616666667,92.33333333,2.166666667,0.43,1,7.498,6.26539,2.1114,12.5502,0,1,0,6,8.860602,8.860602,8.860602,90,90,90,225,695.6482359,4,173.912059
0.745,1.353333333,1.12,12,21,44.956,3003,4.63,0.435,15.8,2880,1.1,2.21,0.15579,1.2,1.5,1.3,3.34,3.9,631,1235,2389,377.8,15.77,305,34.6,3,24.29,10.3434,513,336,184,21.1,1812,16,91,13,88,19,35,25,17,90,14,87,25.52,4.749,3,3,83,70,34,4,1.44,1.941,2.75,93,3.5,27.2,3,2.5,1.272666667,14,28.33333333,64.64153333,1025,4.156666667,0.043333333,82.2,1345,1.31,4.51,0.66997,0.93,0.83,0.833333333,2.51,0.936666667,433.9333333,3275.333333,4876.666667,89.7,2.346666667,79.66666667,67.89594333,1,30.631,13.04203333,265.7666667,166.8666667,88.03333333,61.07,331.6666667,3.666666667,100.6666667,3.333333333,100.3333333,9.666666667,9.666666667,5.666666667,3.666666667,99.66666667,4.333333333,100.3333333,30.12133333,1.637333333,2.2,1,75.66666667,62,42,4.333333333,1.96,2.334333333,3.616666667,92.33333333,2.166666667,0.43,1,7.498,6.18652,2.0406,11.3288,0,1,0,6,8.749064,8.749064,8.749064,90,90,90,225,669.7069105,4,167.4267276
0.535,1.473333333,0.3,12,13,26.982,2740,4.07,0.722,237,2698,1.25,2.01,0.09316,1.47,1.64,1.5,3.23,3.39,577.6,1817,2745,326.4,10.5,284,28.34464,3,26.057,11.094,152,93.9,48.6,5.16,933,75,31,73,29,80,79,75,76,30,74,28,24.2,3.639,3.5,3,91,88,16,3,1.25,1.432,1.675,116,2.5,0.233,3,1.66,1.323333333,14,31,70.0112,984.6666667,4.486666667,0.031333333,69.2,1308.666667,1.393333333,4.8,0.72558,0.896666667,0.8,0.8,2.366666667,0.876666667,408.2666667,2771.666667,4043,83.66666667,2.263333333,71.63333333,72.33395,1,23.36966667,9.950133333,373,236,125.6666667,65.26666667,320.3333333,3.333333333,100.3333333,3.666666667,100.6666667,9.333333333,9.333333333,5.333333333,3.333333333,99.33333333,4.666666667,100.6666667,30.568,1.029,2.2,1,73,56,48,4.666666667,2.123333333,2.489333333,3.963333333,93.66666667,2.166666667,0.953333333,1,8.713333333,6.24487,1.8434,8.3515,0,1,0,6,8.831576,8.831576,8.831576,90,90,90,225,688.8340898,4,172.2085224
0.62,1.473333333,1.53,4,31,69.723,2473,6.22,0.569,40.6,5907,1.38,2,0.24083,1.82,1.7,1.6,3.2,2.81,578.8,1979,2963,277,5.59,254,41.11438,3,30.495,10.2188,212,131,55.9,60.1,303,74,30,74,30,81,78,76,75,29,75,29,25.86,2.011,5,3,73,80,24,4,1.25,1.411,1.695,55,1.5,2.9,3,1.947,1.323333333,14,31,70.0112,984.6666667,4.486666667,0.031333333,69.2,1308.666667,1.393333333,4.8,0.72558,0.896666667,0.8,0.8,2.366666667,0.876666667,408.2666667,2771.666667,4043,83.66666667,2.263333333,71.63333333,72.33395,1,23.36966667,9.950133333,373,236,125.6666667,65.26666667,320.3333333,3.333333333,100.3333333,3.666666667,100.6666667,9.333333333,9.333333333,5.333333333,3.333333333,99.33333333,4.666666667,100.6666667,30.568,1.029,2.2,1,73,56,48,4.666666667,2.123333333,2.489333333,3.963333333,93.66666667,2.166666667,0.953333333,1,8.713333333,6.1922,1.8964,9.0939,0,1,0,6,8.75709535,8.75709535,8.75709535,90,90,90,225,671.5529101,4,167.8882275
0.8,1.473333333,2.2,12,49,114.818,2273,8.47,0.411,81.6,7282,1.49,2.3,0.39641,1.49,1.63,1.7,3.1,2.52,558.3,1821,2705,243.3,3.26,225,57.123,3,21.914,9.331,638,432,243,29.3,430,73,29,75,31,79,77,77,74,28,76,30,26.74,5.507,5,3,55,62,42,5,1.5,1.663,2.05,56,4.5,194,3,2.617,1.323333333,14,31,70.0112,984.6666667,4.486666667,0.031333333,69.2,1308.666667,1.393333333,4.8,0.72558,0.896666667,0.8,0.8,2.366666667,0.876666667,408.2666667,2771.666667,4043,83.66666667,2.263333333,71.63333333,72.33395,1,23.36966667,9.950133333,373,236,125.6666667,65.26666667,320.3333333,3.333333333,100.3333333,3.666666667,100.6666667,9.333333333,9.333333333,5.333333333,3.333333333,99.33333333,4.666666667,100.6666667,30.568,1.029,2.2,1,73,56,48,4.666666667,2.123333333,2.489333333,3.963333333,93.66666667,2.166666667,0.953333333,1,8.713333333,6.57383,2.1066,12.4643,0,1,0,6,9.296794,9.296794,9.296794,90,90,90,225,803.5254259,4,200.8813565
0.745,1.473333333,1.12,12,21,44.956,3003,4.63,0.435,15.8,2880,1.1,2.21,0.15579,1.2,1.5,1.3,3.34,3.9,631,1235,2389,377.8,15.77,305,34.6,3,24.29,10.3434,513,336,184,21.1,1812,16,91,13,88,19,35,25,17,90,14,87,25.52,4.749,3,3,83,70,34,4,1.44,1.941,2.75,93,3.5,27.2,3,2.5,1.323333333,14,31,70.0112,984.6666667,4.486666667,0.031333333,69.2,1308.666667,1.393333333,4.8,0.72558,0.896666667,0.8,0.8,2.366666667,0.876666667,408.2666667,2771.666667,4043,83.66666667,2.263333333,71.63333333,72.33395,1,23.36966667,9.950133333,373,236,125.6666667,65.26666667,320.3333333,3.333333333,100.3333333,3.666666667,100.6666667,9.333333333,9.333333333,5.333333333,3.333333333,99.33333333,4.666666667,100.6666667,30.568,1.029,2.2,1,73,56,48,4.666666667,2.123333333,2.489333333,3.963333333,93.66666667,2.166666667,0.953333333,1,8.713333333,6.50459,2.0367,11.2647,0,1,0,6,9.198882,9.198882,9.198882,90,90,90,225,778.4041519,4,194.601038
0.535,1.67,0.3,12,13,26.982,2740,4.07,0.722,237,2698,1.25,2.01,0.09316,1.47,1.64,1.5,3.23,3.39,577.6,1817,2745,326.4,10.5,284,28.34464,3,26.057,11.094,152,93.9,48.6,5.16,933,75,31,73,29,80,79,75,76,30,74,28,24.2,3.639,3.5,3,91,88,16,3,1.25,1.432,1.675,116,2.5,0.233,3,1.66,2.41,14,55,132.905,943.2,6.36,0.02,35.9,1873,1.55,5.45,1.37731,0.86,0.77,0.7,2.18,0.8,375.7,2229,3377,76.1,2.09,63.9,84.40589,1,13.117,5.5846,793,534,318,41.3,302,2,99,5,102,8,8,4,2,98,6,102,32.17,2.564,2.2,1,49,18,86,6,2.35,2.731,4.31,113,3.5,29,1,11.579,6.5408,1.818,8.0117,0,1,0,6,9.25008792,9.25008792,9.25008792,90,90,90,225,791.4756932,4,197.8689233
0.745,1.67,1.12,12,21,44.956,3003,4.63,0.435,15.8,2880,1.1,2.21,0.15579,1.2,1.5,1.3,3.34,3.9,631,1235,2389,377.8,15.77,305,34.6,3,24.29,10.3434,513,336,184,21.1,1812,16,91,13,88,19,35,25,17,90,14,87,25.52,4.749,3,3,83,70,34,4,1.44,1.941,2.75,93,3.5,27.2,3,2.5,2.41,14,55,132.905,943.2,6.36,0.02,35.9,1873,1.55,5.45,1.37731,0.86,0.77,0.7,2.18,0.8,375.7,2229,3377,76.1,2.09,63.9,84.40589,1,13.117,5.5846,793,534,318,41.3,302,2,99,5,102,8,8,4,2,98,6,102,32.17,2.564,2.2,1,49,18,86,6,2.35,2.731,4.31,113,3.5,29,1,11.579,6.8065,2.0224,11.0286,0,1,0,6,9.62583898,9.62583898,9.62583898,90,90,90,225,891.8992068,4,222.9748017
0.62,1.453333333,1.53,4,31,69.723,2473,6.22,0.569,40.6,5907,1.38,2,0.24083,1.82,1.7,1.6,3.2,2.81,578.8,1979,2963,277,5.59,254,41.11438,3,30.495,10.2188,212,131,55.9,60.1,303,74,30,74,30,81,78,76,75,29,75,29,25.86,2.011,5,3,73,80,24,4,1.25,1.411,1.695,55,1.5,2.9,3,1.947,1.699333333,14,40.33333333,96.26633333,1013.133333,5.076666667,0.036,70.93333333,1572.333333,1.39,4.876666667,0.997643333,0.91,0.81,0.766666667,2.403333333,0.903333333,415.7333333,3006.666667,4555.333333,86.5,2.273333333,76.26666667,73.31087,1,17.56166667,7.4771,560.4333333,375.5333333,222.0333333,28.60333333,325,3,100,4,101,9,9,5,3,99,5,101,30.86,2.448,2.2,1,63.66666667,40.66666667,63.33333333,5,2.08,2.457666667,3.756666667,103,2.833333333,19.51,1,9.028,6.34528,1.94185,9.7508,0,1.00085,3.15555,6,6.34527815,6.34527815,30.83923461,90,90,120,166,1075.314622,6,179.2191037
0.745,1.453333333,1.12,12,21,44.956,3003,4.63,0.435,15.8,2880,1.1,2.21,0.15579,1.2,1.5,1.3,3.34,3.9,631,1235,2389,377.8,15.77,305,34.6,3,24.29,10.3434,513,336,184,21.1,1812,16,91,13,88,19,35,25,17,90,14,87,25.52,4.749,3,3,83,70,34,4,1.44,1.941,2.75,93,3.5,27.2,3,2.5,1.699333333,14,40.33333333,96.26633333,1013.133333,5.076666667,0.036,70.93333333,1572.333333,1.39,4.876666667,0.997643333,0.91,0.81,0.766666667,2.403333333,0.903333333,415.7333333,3006.666667,4555.333333,86.5,2.273333333,76.26666667,73.31087,1,17.56166667,7.4771,560.4333333,375.5333333,222.0333333,28.60333333,325,3,100,4,101,9,9,5,3,99,5,101,30.86,2.448,2.2,1,63.66666667,40.66666667,63.33333333,5,2.08,2.457666667,3.756666667,103,2.833333333,19.51,1,9.028,6.35894,2.0554,11.5775,0,1,0,6,8.992896,8.992896,8.992896,90,90,90,225,727.2750902,4,181.8187726
0.535,1.453333333,0.3,12,13,26.982,2740,4.07,0.722,237,2698,1.25,2.01,0.09316,1.47,1.64,1.5,3.23,3.39,577.6,1817,2745,326.4,10.5,284,28.34464,3,26.057,11.094,152,93.9,48.6,5.16,933,75,31,73,29,80,79,75,76,30,74,28,24.2,3.639,3.5,3,91,88,16,3,1.25,1.432,1.675,116,2.5,0.233,3,1.66,1.699333333,14,40.33333333,96.26633333,1013.133333,5.076666667,0.036,70.93333333,1572.333333,1.39,4.876666667,0.997643333,0.91,0.81,0.766666667,2.403333333,0.903333333,415.7333333,3006.666667,4555.333333,86.5,2.273333333,76.26666667,73.31087,1,17.56166667,7.4771,560.4333333,375.5333333,222.0333333,28.60333333,325,3,100,4,101,9,9,5,3,99,5,101,30.86,2.448,2.2,1,63.66666667,40.66666667,63.33333333,5,2.08,2.457666667,3.756666667,103,2.833333333,19.51,1,9.028,6.27687,1.85165,8.45765,0,1.0006,2.2138,6,6.27687027,6.27687027,30.38907861,90,90,120,166,1036.894259,6,172.8157098
0.535,1.573333333,0.3,12,13,26.982,2740,4.07,0.722,237,2698,1.25,2.01,0.09316,1.47,1.64,1.5,3.23,3.39,577.6,1817,2745,326.4,10.5,284,28.34464,3,26.057,11.094,152,93.9,48.6,5.16,933,75,31,73,29,80,79,75,76,30,74,28,24.2,3.639,3.5,3,91,88,16,3,1.25,1.432,1.675,116,2.5,0.233,3,1.66,1.75,14,43,101.636,972.8,5.406666667,0.024,57.93333333,1536,1.473333333,5.166666667,1.053253333,0.876666667,0.78,0.733333333,2.26,0.843333333,390.0666667,2503,3721.666667,80.46666667,2.19,68.23333333,77.74887667,1,10.30033333,4.3852,667.6666667,444.6666667,259.6666667,32.8,313.6666667,2.666666667,99.66666667,4.333333333,101.3333333,8.666666667,8.666666667,4.666666667,2.666666667,98.66666667,5.333333333,101.3333333,31.30666667,1.839666667,2.2,1,61,34.66666667,69.33333333,5.333333333,2.243333333,2.612666667,4.103333333,104.3333333,2.833333333,20.03333333,1,10.24333333,6.39453,1.8541,8.4984,0,1,0,6,9.04322853,9.04322853,9.04322853,90,90,90,225,739.5550686,4,184.8887672
0.62,1.573333333,1.53,4,31,69.723,2473,6.22,0.569,40.6,5907,1.38,2,0.24083,1.82,1.7,1.6,3.2,2.81,578.8,1979,2963,277,5.59,254,41.11438,3,30.495,10.2188,212,131,55.9,60.1,303,74,30,74,30,81,78,76,75,29,75,29,25.86,2.011,5,3,73,80,24,4,1.25,1.411,1.695,55,1.5,2.9,3,1.947,1.75,14,43,101.636,972.8,5.406666667,0.024,57.93333333,1536,1.473333333,5.166666667,1.053253333,0.876666667,0.78,0.733333333,2.26,0.843333333,390.0666667,2503,3721.666667,80.46666667,2.19,68.23333333,77.74887667,1,10.30033333,4.3852,667.6666667,444.6666667,259.6666667,32.8,313.6666667,2.666666667,99.66666667,4.333333333,101.3333333,8.666666667,8.666666667,4.666666667,2.666666667,98.66666667,5.333333333,101.3333333,31.30666667,1.839666667,2.2,1,61,34.66666667,69.33333333,5.333333333,2.243333333,2.612666667,4.103333333,104.3333333,2.833333333,20.03333333,1,10.24333333,6.47515,1.9403,9.7402,0,1,0,6,9.15724,9.15724,9.15724,90,90,90,225,767.8807669,4,191.9701917
0.8,1.573333333,2.2,12,49,114.818,2273,8.47,0.411,81.6,7282,1.49,2.3,0.39641,1.49,1.63,1.7,3.1,2.52,558.3,1821,2705,243.3,3.26,225,57.123,3,21.914,9.331,638,432,243,29.3,430,73,29,75,31,79,77,77,74,28,76,30,26.74,5.507,5,3,55,62,42,5,1.5,1.663,2.05,56,4.5,194,3,2.617,1.75,14,43,101.636,972.8,5.406666667,0.024,57.93333333,1536,1.473333333,5.166666667,1.053253333,0.876666667,0.78,0.733333333,2.26,0.843333333,390.0666667,2503,3721.666667,80.46666667,2.19,68.23333333,77.74887667,1,10.30033333,4.3852,667.6666667,444.6666667,259.6666667,32.8,313.6666667,2.666666667,99.66666667,4.333333333,101.3333333,8.666666667,8.666666667,4.666666667,2.666666667,98.66666667,5.333333333,101.3333333,31.30666667,1.839666667,2.2,1,61,34.66666667,69.33333333,5.333333333,2.243333333,2.612666667,4.103333333,104.3333333,2.833333333,20.03333333,1,10.24333333,6.68406,2.1173,12.655,0,1,0,6,9.452692,9.452692,9.452692,90,90,90,225,844.6300375,4,211.1575094
0.615,1.573333333,1.25,14,24,51.996,2755,5.13,1.901,93.7,7140,0.84,1.33,0.08983,1.56,2,1.6,3.72,4.1,652.8,1592,2987,396.6,21,340,23.86476,6,5.652,2.4063,79.8,463,260,31.1,2073,53,53,51,51,57,57,60,54,52,52,50,23.35,0.474,3.35,2,80,73,31,4,1.18,1.36,2.44,1133,1.5,3.1,6,1.2,1.75,14,43,101.636,972.8,5.406666667,0.024,57.93333333,1536,1.473333333,5.166666667,1.053253333,0.876666667,0.78,0.733333333,2.26,0.843333333,390.0666667,2503,3721.666667,80.46666667,2.19,68.23333333,77.74887667,1,10.30033333,4.3852,667.6666667,444.6666667,259.6666667,32.8,313.6666667,2.666666667,99.66666667,4.333333333,101.3333333,8.666666667,8.666666667,4.666666667,2.666666667,98.66666667,5.333333333,101.3333333,31.30666667,1.839666667,2.2,1,61,34.66666667,69.33333333,5.333333333,2.243333333,2.612666667,4.103333333,104.3333333,2.833333333,20.03333333,1,10.24333333,6.49322,1.9637,10.0966,0,1,0,6,9.182802,9.182802,9.182802,90,90,90,225,774.329242,4,193.5823105
0.535,1.62,0.3,12,13,26.982,2740,4.07,0.722,237,2698,1.25,2.01,0.09316,1.47,1.64,1.5,3.23,3.39,577.6,1817,2745,326.4,10.5,284,28.34464,3,26.057,11.094,152,93.9,48.6,5.16,933,75,31,73,29,80,79,75,76,30,74,28,24.2,3.639,3.5,3,91,88,16,3,1.25,1.432,1.675,116,2.5,0.233,3,1.66,2.196666667,14,49,117.0926,949.1333333,5.9,0.023666667,41.53333333,1759.333333,1.51,5.266666667,1.213473333,0.87,0.78,0.733333333,2.233333333,0.816666667,384.8,2363.333333,3537.666667,77.7,2.126666667,65.6,81.69842667,1,19.65166667,8.367066667,645.6666667,429.6666667,251,57.53333333,305.3333333,2.333333333,99.33333333,4.666666667,101.6666667,8.333333333,8.333333333,4.333333333,2.333333333,98.33333333,5.666666667,101.6666667,31.80066667,2.158666667,2.2,1,55,28.66666667,75.33333333,5.666666667,2.29,2.669333333,4.24,107.6666667,3.166666667,19.46,1,10.814,5.98039,1.776,7.4692,0,1,0,6,8.45755199,8.45755199,8.45755199,90,90,90,225,604.9702641,4,151.242566
0.745,1.62,1.12,12,21,44.956,3003,4.63,0.435,15.8,2880,1.1,2.21,0.15579,1.2,1.5,1.3,3.34,3.9,631,1235,2389,377.8,15.77,305,34.6,3,24.29,10.3434,513,336,184,21.1,1812,16,91,13,88,19,35,25,17,90,14,87,25.52,4.749,3,3,83,70,34,4,1.44,1.941,2.75,93,3.5,27.2,3,2.5,2.196666667,14,49,117.0926,949.1333333,5.9,0.023666667,41.53333333,1759.333333,1.51,5.266666667,1.213473333,0.87,0.78,0.733333333,2.233333333,0.816666667,384.8,2363.333333,3537.666667,77.7,2.126666667,65.6,81.69842667,1,19.65166667,8.367066667,645.6666667,429.6666667,251,57.53333333,305.3333333,2.333333333,99.33333333,4.666666667,101.6666667,8.333333333,8.333333333,4.333333333,2.333333333,98.33333333,5.666666667,101.6666667,31.80066667,2.158666667,2.2,1,55,28.66666667,75.33333333,5.666666667,2.29,2.669333333,4.24,107.6666667,3.166666667,19.46,1,10.814,6.73098,2.0449,11.4012,0,1,0,6,9.519046,9.519046,9.519046,90,90,90,225,862.5420498,4,215.6355124
0.535,1.453333333,0.3,12,13,26.982,2740,4.07,0.722,237,2698,1.25,2.01,0.09316,1.47,1.64,1.5,3.23,3.39,577.6,1817,2745,326.4,10.5,284,28.34464,3,26.057,11.094,152,93.9,48.6,5.16,933,75,31,73,29,80,79,75,76,30,74,28,24.2,3.639,3.5,3,91,88,16,3,1.25,1.432,1.675,116,2.5,0.233,3,1.66,1.699333333,14,40.33333333,96.26633333,1013.133333,5.076666667,0.036,70.93333333,1572.333333,1.39,4.876666667,0.997643333,0.91,0.81,0.766666667,2.403333333,0.903333333,415.7333333,3006.666667,4555.333333,86.5,2.273333333,76.26666667,73.31087,1,17.56166667,7.4771,560.4333333,375.5333333,222.0333333,28.60333333,325,3,100,4,101,9,9,5,3,99,5,101,30.86,2.448,2.2,1,63.66666667,40.66666667,63.33333333,5,2.08,2.457666667,3.756666667,103,2.833333333,19.51,1,9.028,3.57281,1.8341,8.2166,0.02007,1.0013,1.3554,5.8889,7.14561389,7.14561389,18.54408677,90,90,120,166,820.0024947,3,273.3341649
0.62,1.35,1.53,4,31,69.723,2473,6.22,0.569,40.6,5907,1.38,2,0.24083,1.82,1.7,1.6,3.2,2.81,578.8,1979,2963,277,5.59,254,41.11438,3,30.495,10.2188,212,131,55.9,60.1,303,74,30,74,30,81,78,76,75,29,75,29,25.86,2.011,5,3,73,80,24,4,1.25,1.411,1.695,55,1.5,2.9,3,1.947,2.45,14,56,137.327,1773,7.58,0.103,18.4,3510,1.44,3.35,0.71171,0.97,1.08,0.9,2.4,1.9,502.9,965,3546,180,7.8,140,62.5,2,11.113,4.7314,461,546,330,43.5,983,8,93,11,96,14,15,10,9,92,12,95,28.07,0.931,2.85,2,48,19,85,6,1.98,2.243,3.402,223,1.5,1.3,2,6.299,3.6184,1.9025,9.1445,0.01469,1.003,8.848,5.9369,4.93518982,5.67882644,13.98166509,90,90,90,19,391.8513543,4,97.96283858
0.53,1.35,1.57,4,32,72.61,3103,6.78,0.772,59.9,5323,1.22,1.99,0.18808,2.02,1.99,1.8,4.6,3.85,762.1,1537,3302,376.6,36.8,327.6,31.10792,4,3.488,1.485,235,146,75.6,64.8,1211,79,25,79,25,84,83,80,80,24,80,24,23.222,0.877,5.65,2,72,81,23,4,1.22,1.369,1.56,62,4.5,2.2,4,2.264,2.45,14,56,137.327,1773,7.58,0.103,18.4,3510,1.44,3.35,0.71171,0.97,1.08,0.9,2.4,1.9,502.9,965,3546,180,7.8,140,62.5,2,11.113,4.7314,461,546,330,43.5,983,8,93,11,96,14,15,10,9,92,12,95,28.07,0.931,2.85,2,48,19,85,6,1.98,2.243,3.402,223,1.5,1.3,2,6.299,4.83,1.7764,7.4745,0,1,0.0255,6,7.34341151,7.34341151,7.11271072,90,90,120,166,332.1708435,3,110.7236145
0.4,1.35,0.316,4,14,28.0855,2608,4.29,0.988,148,2329,1.18,1.91,0.07269,1.74,1.98,1.8,4.77,4.63,786.5,1577,3232,455.6,50.6,300,18.9662,4,19.865,8.458,189,117,60.6,6.44,1683,80,26,78,24,85,84,90,81,25,79,23,20,0.555,4.15,4,90,89,15,3,1.17,1.319,1.42,157,0.5,171,4,2.002,2.45,14,56,137.327,1773,7.58,0.103,18.4,3510,1.44,3.35,0.71171,0.97,1.08,0.9,2.4,1.9,502.9,965,3546,180,7.8,140,62.5,2,11.113,4.7314,461,546,330,43.5,983,8,93,11,96,14,15,10,9,92,12,95,28.07,0.931,2.85,2,48,19,85,6,1.98,2.243,3.402,223,1.5,1.3,2,6.299,4.76393,1.6892,6.4221,0,1.0004,1.5661,6,7.189,7.189,7.015,90,90,120,166,313.9751483,3,104.6583828
0.69,1.35,2.24,3,50,118.71,2543,9.1,1.11,66.6,5800,1.41,2.3,0.30751,1.72,1.88,1.8,4.3,3.14,708.6,1412,2943,302.1,7.07,290,44.1,4,37.272,15.868,662,451,256,31.1,505,78,24,80,26,83,82,79,79,23,81,25,25.8,-1.041,5.65,2,54,63,41,5,1.4,1.623,1.88,131,0.5,0.63,4,2.705,2.45,14,56,137.327,1773,7.58,0.103,18.4,3510,1.44,3.35,0.71171,0.97,1.08,0.9,2.4,1.9,502.9,965,3546,180,7.8,140,62.5,2,11.113,4.7314,461,546,330,43.5,983,8,93,11,96,14,15,10,9,92,12,95,28.07,0.931,2.85,2,48,19,85,6,1.98,2.243,3.402,223,1.5,1.3,2,6.299,4.93566,1.9811,10.2853,0,1.0053,19.7612,6,7.40257294,7.40257294,7.40621196,90,90,120,148,351.4731546,3,117.1577182
0.605,1.35,1.16,12,22,47.867,3533,4.82,1.051,21.9,4506,0.91,1.81,0.12409,1.32,1.86,1.5,3.45,4.85,658,1310,2653,469.9,14.55,425,30.686,4,5.638,2.4004,571,377,208,24.2,1933,47,59,45,57,51,51,56,48,58,46,56,25.02,0.787,3.15,2,82,71,33,4,1.32,1.462,2.58,568,2.5,6.1,4,1.764,2.45,14,56,137.327,1773,7.58,0.103,18.4,3510,1.44,3.35,0.71171,0.97,1.08,0.9,2.4,1.9,502.9,965,3546,180,7.8,140,62.5,2,11.113,4.7314,461,546,330,43.5,983,8,93,11,96,14,15,10,9,92,12,95,28.07,0.931,2.85,2,48,19,85,6,1.98,2.243,3.402,223,1.5,1.3,2,6.299,4.91211,1.8766,8.785,0,1.002,7.4782,6,7.40929475,7.40929475,7.24337463,90,90,120,166,344.3700099,3,114.7900033
0.68,1.67,1.92,14,41,92.906,3573,6.7,1.702,53.7,8570,0.95,1.75,0.19256,1.23,2.03,1.6,4,7.57,663.8,1382,2416,725.9,26.8,680.19,36.28,5,24.442,10.4048,441,284,153,17.1,2741,49,55,49,55,53,53,58,50,54,50,54,24.48,6.144,3.3,3,63,54,50,5,1.34,1.468,2.76,450,4.5,1.15,5,1.807,2.41,14,55,132.905,943.2,6.36,0.02,35.9,1873,1.55,5.45,1.37731,0.86,0.77,0.7,2.18,0.8,375.7,2229,3377,76.1,2.09,63.9,84.40589,1,13.117,5.5846,793,534,318,41.3,302,2,99,5,102,8,8,4,2,98,6,102,32.17,2.564,2.2,1,49,18,86,6,2.35,2.731,4.31,113,3.5,29,1,11.579,4.86832,2.0104,10.6451,0,1.0118,38.8768,6,6.40929642,6.40929642,4.8683174,90,90,120,164,173.1929589,1,173.1929589
0.53,1.67,1.57,4,32,72.61,3103,6.78,0.772,59.9,5323,1.22,1.99,0.18808,2.02,1.99,1.8,4.6,3.85,762.1,1537,3302,376.6,36.8,327.6,31.10792,4,3.488,1.485,235,146,75.6,64.8,1211,79,25,79,25,84,83,80,80,24,80,24,23.222,0.877,5.65,2,72,81,23,4,1.22,1.369,1.56,62,4.5,2.2,4,2.264,2.41,14,55,132.905,943.2,6.36,0.02,35.9,1873,1.55,5.45,1.37731,0.86,0.77,0.7,2.18,0.8,375.7,2229,3377,76.1,2.09,63.9,84.40589,1,13.117,5.5846,793,534,318,41.3,302,2,99,5,102,8,8,4,2,98,6,102,32.17,2.564,2.2,1,49,18,86,6,2.35,2.731,4.31,113,3.5,29,1,11.579,6.31162,1.814,7.9585,0,1,0,6,8.92598234,8.92598234,8.92598234,90,90,90,225,711.1612257,4,177.7903064
0.71,1.67,2.97,12,72,178.49,4850,9.16,1.09,23,13310,0.97,1.88,0.46269,1.23,1.73,1.3,3.8,6.44,675.4,1438,2248,619.2,14.623,570.7,43.56,4,3.12,1.3,430,286,159,91.7,2495,45,57,47,59,50,49,54,46,56,48,58,25.69,0.61,3.15,4,32,35,69,6,1.44,1.58,2.91,151,3.5,104,4,2.241,2.41,14,55,132.905,943.2,6.36,0.02,35.9,1873,1.55,5.45,1.37731,0.86,0.77,0.7,2.18,0.8,375.7,2229,3377,76.1,2.09,63.9,84.40589,1,13.117,5.5846,793,534,318,41.3,302,2,99,5,102,8,8,4,2,98,6,102,32.17,2.564,2.2,1,49,18,86,6,2.35,2.731,4.31,113,3.5,29,1,11.579,4.97032,1.9957,10.5665,0,1.0019,6.7406,6,6.36074396,6.36074396,4.97031964,90,90,120,164,174.1529274,1,174.1529274
0.4,1.67,0.316,4,14,28.0855,2608,4.29,0.988,148,2329,1.18,1.91,0.07269,1.74,1.98,1.8,4.77,4.63,786.5,1577,3232,455.6,50.6,300,18.9662,4,19.865,8.458,189,117,60.6,6.44,1683,80,26,78,24,85,84,90,81,25,79,23,20,0.555,4.15,4,90,89,15,3,1.17,1.319,1.42,157,0.5,171,4,2.002,2.41,14,55,132.905,943.2,6.36,0.02,35.9,1873,1.55,5.45,1.37731,0.86,0.77,0.7,2.18,0.8,375.7,2229,3377,76.1,2.09,63.9,84.40589,1,13.117,5.5846,793,534,318,41.3,302,2,99,5,102,8,8,4,2,98,6,102,32.17,2.564,2.2,1,49,18,86,6,2.35,2.731,4.31,113,3.5,29,1,11.579,6.24248,1.7039,6.5961,0,1,0,6,8.82820309,8.82820309,8.82820309,90,90,90,225,688.0451632,4,172.0112908
0.605,1.67,1.16,12,22,47.867,3533,4.82,1.051,21.9,4506,0.91,1.81,0.12409,1.32,1.86,1.5,3.45,4.85,658,1310,2653,469.9,14.55,425,30.686,4,5.638,2.4004,571,377,208,24.2,1933,47,59,45,57,51,51,56,48,58,46,56,25.02,0.787,3.15,2,82,71,33,4,1.32,1.462,2.58,568,2.5,6.1,4,1.764,2.41,14,55,132.905,943.2,6.36,0.02,35.9,1873,1.55,5.45,1.37731,0.86,0.77,0.7,2.18,0.8,375.7,2229,3377,76.1,2.09,63.9,84.40589,1,13.117,5.5846,793,534,318,41.3,302,2,99,5,102,8,8,4,2,98,6,102,32.17,2.564,2.2,1,49,18,86,6,2.35,2.731,4.31,113,3.5,29,1,11.579,5.004,1.8676,8.6705,0,1.0011,3.8407,6,6.213,6.213,5.004,90,90,120,164,167.2825499,1,167.2825499
0.72,1.67,1.88,12,40,91.224,3853,6.45,0.833,22.7,6506,0.98,1.96,0.23632,1.22,1.7,1.4,3.64,6.25,660,1267,2218,600,15.6,502,38.89537,4,9.33,3.9578,419,265,145,13.9,2125,46,58,46,58,49,50,55,47,57,47,57,25.36,1.298,3,4,64,53,51,5,1.45,1.602,2.825,134,2.5,0.184,4,2.328,2.41,14,55,132.905,943.2,6.36,0.02,35.9,1873,1.55,5.45,1.37731,0.86,0.77,0.7,2.18,0.8,375.7,2229,3377,76.1,2.09,63.9,84.40589,1,13.117,5.5846,793,534,318,41.3,302,2,99,5,102,8,8,4,2,98,6,102,32.17,2.564,2.2,1,49,18,86,6,2.35,2.731,4.31,113,3.5,29,1,11.579,5.01,2.0346,10.8435,0,1.0236,74.189,6,6.41,6.41,5.01,90,90,120,164,178.2725254,1,178.2725254
0.53,1.345,1.57,4,32,72.61,3103,6.78,0.772,59.9,5323,1.22,1.99,0.18808,2.02,1.99,1.8,4.6,3.85,762.1,1537,3302,376.6,36.8,327.6,31.10792,4,3.488,1.485,235,146,75.6,64.8,1211,79,25,79,25,84,83,80,80,24,80,24,23.222,0.877,5.65,2,72,81,23,4,1.22,1.369,1.56,62,4.5,2.2,4,2.264,1.344,14,33,77.947,1048.1,4.435,0.044,88.45,1422,1.31,4.59,0.80781,0.935,0.83,0.8,2.515,0.955,435.75,3395.5,5144.5,91.7,2.365,82.45,67.76336,1,19.784,8.42335,444.15,296.3,174.05,22.255,336.5,3.5,100.5,3.5,100.5,9.5,9.5,5.5,3.5,99.5,4.5,100.5,30.205,2.39,2.2,1,71,52,52,4.5,1.945,2.321,3.48,98,2.5,14.765,1,7.7525,5.5252,1.7833,7.5586,0.00409,1.0002,0.6906,5.9948,6.4412,10.8499,8.1793,90,90,90,57,571.6216342,4,142.9054086
0.53,1.38,1.57,4,32,72.61,3103,6.78,0.772,59.9,5323,1.22,1.99,0.18808,2.02,1.99,1.8,4.6,3.85,762.1,1537,3302,376.6,36.8,327.6,31.10792,4,3.488,1.485,235,146,75.6,64.8,1211,79,25,79,25,84,83,80,80,24,80,24,23.222,0.877,5.65,2,72,81,23,4,1.22,1.369,1.56,62,4.5,2.2,4,2.264,0.43,14,19,39.098,1032,3.5,0.032,102,862,1.32,4.6,0.40514,0.91,0.8,0.8,2.42,0.93,418.8,3051,4411,89.2,2.39,76.9,64.43485,1,4.667,1.9864,417,266,143,15.8,337,4,101,3,100,10,10,6,4,100,4,100,29.58,0.391,2.2,1,85,68,36,4,2.03,2.376,3.69,87,1.5,2.1,1,7.572,5.66188,1.8103,7.903,0.00155,1.0007,2.3064,5.9995,5.60579174,5.60579174,4.60766092,90,90,120,164,125.3963981,1,125.3963981
0.53,1.38,1.57,4,32,72.61,3103,6.78,0.772,59.9,5323,1.22,1.99,0.18808,2.02,1.99,1.8,4.6,3.85,762.1,1537,3302,376.6,36.8,327.6,31.10792,4,3.488,1.485,235,146,75.6,64.8,1211,79,25,79,25,84,83,80,80,24,80,24,23.222,0.877,5.65,2,72,81,23,4,1.22,1.369,1.56,62,4.5,2.2,4,2.264,0.43,14,19,39.098,1032,3.5,0.032,102,862,1.32,4.6,0.40514,0.91,0.8,0.8,2.42,0.93,418.8,3051,4411,89.2,2.39,76.9,64.43485,1,4.667,1.9864,417,266,143,15.8,337,4,101,3,100,10,10,6,4,100,4,100,29.58,0.391,2.2,1,85,68,36,4,2.03,2.376,3.69,87,1.5,2.1,1,7.572,4.60766,1.8113,7.9125,0,1.0009,3.3211,6,5.68504609,5.68504609,9.22683612,90,90,120,186,258.2565938,2,129.1282969
0.4,1.38,0.316,4,14,28.0855,2608,4.29,0.988,148,2329,1.18,1.91,0.07269,1.74,1.98,1.8,4.77,4.63,786.5,1577,3232,455.6,50.6,300,18.9662,4,19.865,8.458,189,117,60.6,6.44,1683,80,26,78,24,85,84,90,81,25,79,23,20,0.555,4.15,4,90,89,15,3,1.17,1.319,1.42,157,0.5,171,4,2.002,0.43,14,19,39.098,1032,3.5,0.032,102,862,1.32,4.6,0.40514,0.91,0.8,0.8,2.42,0.93,418.8,3051,4411,89.2,2.39,76.9,64.43485,1,4.667,1.9864,417,266,143,15.8,337,4,101,3,100,10,10,6,4,100,4,100,29.58,0.391,2.2,1,85,68,36,4,2.03,2.376,3.69,87,1.5,2.1,1,7.572,5.64399,1.6995,6.5445,0,1,0,6,7.98180876,7.98180876,7.98180876,90,90,90,225,508.515218,4,127.1288045
0.4,1.38,0.316,4,14,28.0855,2608,4.29,0.988,148,2329,1.18,1.91,0.07269,1.74,1.98,1.8,4.77,4.63,786.5,1577,3232,455.6,50.6,300,18.9662,4,19.865,8.458,189,117,60.6,6.44,1683,80,26,78,24,85,84,90,81,25,79,23,20,0.555,4.15,4,90,89,15,3,1.17,1.319,1.42,157,0.5,171,4,2.002,0.43,14,19,39.098,1032,3.5,0.032,102,862,1.32,4.6,0.40514,0.91,0.8,0.8,2.42,0.93,418.8,3051,4411,89.2,2.39,76.9,64.43485,1,4.667,1.9864,417,266,143,15.8,337,4,101,3,100,10,10,6,4,100,4,100,29.58,0.391,2.2,1,85,68,36,4,2.03,2.376,3.69,87,1.5,2.1,1,7.572,5.58024,1.7007,6.5562,0.00165,1.0003,0.9151,5.9995,5.57546515,5.57546515,9.11639127,90,90,120,186,245.4233045,2,122.7116523
0.605,1.38,1.16,12,22,47.867,3533,4.82,1.051,21.9,4506,0.91,1.81,0.12409,1.32,1.86,1.5,3.45,4.85,658,1310,2653,469.9,14.55,425,30.686,4,5.638,2.4004,571,377,208,24.2,1933,47,59,45,57,51,51,56,48,58,46,56,25.02,0.787,3.15,2,82,71,33,4,1.32,1.462,2.58,568,2.5,6.1,4,1.764,0.43,14,19,39.098,1032,3.5,0.032,102,862,1.32,4.6,0.40514,0.91,0.8,0.8,2.42,0.93,418.8,3051,4411,89.2,2.39,76.9,64.43485,1,4.667,1.9864,417,266,143,15.8,337,4,101,3,100,10,10,6,4,100,4,100,29.58,0.391,2.2,1,85,68,36,4,2.03,2.376,3.69,87,1.5,2.1,1,7.572,4.59016,1.8777,8.8103,0,1.0013,4.4525,6,5.68505658,5.68505658,4.59016253,90,90,120,164,128.4778552,1,128.4778552
0.4,1.38,0.316,4,14,28.0855,2608,4.29,0.988,148,2329,1.18,1.91,0.07269,1.74,1.98,1.8,4.77,4.63,786.5,1577,3232,455.6,50.6,300,18.9662,4,19.865,8.458,189,117,60.6,6.44,1683,80,26,78,24,85,84,90,81,25,79,23,20,0.555,4.15,4,90,89,15,3,1.17,1.319,1.42,157,0.5,171,4,2.002,0.43,14,19,39.098,1032,3.5,0.032,102,862,1.32,4.6,0.40514,0.91,0.8,0.8,2.42,0.93,418.8,3051,4411,89.2,2.39,76.9,64.43485,1,4.667,1.9864,417,266,143,15.8,337,4,101,3,100,10,10,6,4,100,4,100,29.58,0.391,2.2,1,85,68,36,4,2.03,2.376,3.69,87,1.5,2.1,1,7.572,5.38096,1.6956,6.4989,0.00094,1.0001,0.4428,5.9998,7.60982376,7.60982376,5.50605173,90,90,90,127,318.8522493,2,159.4261246
0.53,1.02,1.57,4,32,72.61,3103,6.78,0.772,59.9,5323,1.22,1.99,0.18808,2.02,1.99,1.8,4.6,3.85,762.1,1537,3302,376.6,36.8,327.6,31.10792,4,3.488,1.485,235,146,75.6,64.8,1211,79,25,79,25,84,83,80,80,24,80,24,23.222,0.877,5.65,2,72,81,23,4,1.22,1.369,1.56,62,4.5,2.2,4,2.264,0.278,14,11,22.989,1153,2.51,0.068,141,971,1.07,3.73,0.23831,1.01,0.89,0.9,2.85,1.11,495.8,4562,6912,107.3,2.64,101,51.12083,1,26.451,11.2621,95.3,58.6,30.1,3.21,371,5,102,2,99,11,11,7,5,101,3,99,28.24,2.216,2.2,1,93,86,18,3,1.54,1.911,2.65,83,1.5,0.53,1,3.926,7.018635,1.8095,7.88555,0.000135,1.00125,4.45365,6,8.9887706,8.9887706,5.0485031,90,90,120,150,353.2595026,3,117.7531675
0.4,1.02,0.316,4,14,28.0855,2608,4.29,0.988,148,2329,1.18,1.91,0.07269,1.74,1.98,1.8,4.77,4.63,786.5,1577,3232,455.6,50.6,300,18.9662,4,19.865,8.458,189,117,60.6,6.44,1683,80,26,78,24,85,84,90,81,25,79,23,20,0.555,4.15,4,90,89,15,3,1.17,1.319,1.42,157,0.5,171,4,2.002,0.278,14,11,22.989,1153,2.51,0.068,141,971,1.07,3.73,0.23831,1.01,0.89,0.9,2.85,1.11,495.8,4562,6912,107.3,2.64,101,51.12083,1,26.451,11.2621,95.3,58.6,30.1,3.21,371,5,102,2,99,11,11,7,5,101,3,99,28.24,2.216,2.2,1,93,86,18,3,1.54,1.911,2.65,83,1.5,0.53,1,3.926,5.025065,1.6985,6.52775,0.00029,1.0006,2.0741,5.99995,8.80263939,8.80263939,4.96761863,90,90,120,150,333.3532553,3,111.1177518
0.69,1.02,2.24,3,50,118.71,2543,9.1,1.11,66.6,5800,1.41,2.3,0.30751,1.72,1.88,1.8,4.3,3.14,708.6,1412,2943,302.1,7.07,290,44.1,4,37.272,15.868,662,451,256,31.1,505,78,24,80,26,83,82,79,79,23,81,25,25.8,-1.041,5.65,2,54,63,41,5,1.4,1.623,1.88,131,0.5,0.63,4,2.705,0.278,14,11,22.989,1153,2.51,0.068,141,971,1.07,3.73,0.23831,1.01,0.89,0.9,2.85,1.11,495.8,4562,6912,107.3,2.64,101,51.12083,1,26.451,11.2621,95.3,58.6,30.1,3.21,371,5,102,2,99,11,11,7,5,101,3,99,28.24,2.216,2.2,1,93,86,18,3,1.54,1.911,2.65,83,1.5,0.53,1,3.926,5.02261,1.9827,10.3451,0.00009,1.003,10.8448,6,5.02261199,5.02261199,10.03062163,90,90,90,136,253.0387926,2,126.5193963
0.605,1.02,1.16,12,22,47.867,3533,4.82,1.051,21.9,4506,0.91,1.81,0.12409,1.32,1.86,1.5,3.45,4.85,658,1310,2653,469.9,14.55,425,30.686,4,5.638,2.4004,571,377,208,24.2,1933,47,59,45,57,51,51,56,48,58,46,56,25.02,0.787,3.15,2,82,71,33,4,1.32,1.462,2.58,568,2.5,6.1,4,1.764,0.278,14,11,22.989,1153,2.51,0.068,141,971,1.07,3.73,0.23831,1.01,0.89,0.9,2.85,1.11,495.8,4562,6912,107.3,2.64,101,51.12083,1,26.451,11.2621,95.3,58.6,30.1,3.21,371,5,102,2,99,11,11,7,5,101,3,99,28.24,2.216,2.2,1,93,86,18,3,1.54,1.911,2.65,83,1.5,0.53,1,3.926,4.995295,1.88005,8.82535,0.000985,1.00265,8.95465,5.9996,9.4269064,9.4269064,4.54788918,90,90,120,164,350.0087449,3,116.6695816
0.69,1.27,2.24,3,50,118.71,2543,9.1,1.11,66.6,5800,1.41,2.3,0.30751,1.72,1.88,1.8,4.3,3.14,708.6,1412,2943,302.1,7.07,290,44.1,4,37.272,15.868,662,451,256,31.1,505,78,24,80,26,83,82,79,79,23,81,25,25.8,-1.041,5.65,2,54,63,41,5,1.4,1.623,1.88,131,0.5,0.63,4,2.705,1.024,14,24,54.2284,1057,3.745,0.0495,96.9,1251.5,1.25,4.315,0.562055,0.95,0.845,0.85,2.595,0.98,449.4,3597,5385.5,94.1,2.42,85,63.702165,1,29.586,12.59705,223.15,139.8,73.55,46.605,341.5,4,101,3,100,10,10,6,4,100,4,100,29.651,1.782,2.2,1,80,68,36,4,1.855,2.2285,3.375,90,2,0.455,1,6.605,5.3348,1.9513,9.8794,0.00333,1.0018,6.2832,5.9967,8.156,13.129,10.958,90,90,90,60,1173.383999,8,146.6729998
0.4,1.2,0.316,4,14,28.0855,2608,4.29,0.988,148,2329,1.18,1.91,0.07269,1.74,1.98,1.8,4.77,4.63,786.5,1577,3232,455.6,50.6,300,18.9662,4,19.865,8.458,189,117,60.6,6.44,1683,80,26,78,24,85,84,90,81,25,79,23,20,0.555,4.15,4,90,89,15,3,1.17,1.319,1.42,157,0.5,171,4,2.002,0.354,14,15,31.0435,1092.5,3.005,0.05,121.5,916.5,1.195,4.165,0.321725,0.96,0.845,0.85,2.635,1.02,457.3,3806.5,5661.5,98.25,2.515,88.95,57.77784,1,15.559,6.62425,256.15,162.3,86.55,9.505,354,4.5,101.5,2.5,99.5,10.5,10.5,6.5,4.5,100.5,3.5,99.5,28.91,1.3035,2.2,1,89,77,27,3.5,1.785,2.1435,3.17,85,1.5,1.315,1,5.749,5.38066,1.7177,6.7528,0.00387,1.0005,1.6438,5.9946,9.520804,5.546397,9.899183,90,90,90,62,522.7378289,4,130.6844572
0.69,1.2,2.24,3,50,118.71,2543,9.1,1.11,66.6,5800,1.41,2.3,0.30751,1.72,1.88,1.8,4.3,3.14,708.6,1412,2943,302.1,7.07,290,44.1,4,37.272,15.868,662,451,256,31.1,505,78,24,80,26,83,82,79,79,23,81,25,25.8,-1.041,5.65,2,54,63,41,5,1.4,1.623,1.88,131,0.5,0.63,4,2.705,0.354,14,15,31.0435,1092.5,3.005,0.05,121.5,916.5,1.195,4.165,0.321725,0.96,0.845,0.85,2.635,1.02,457.3,3806.5,5661.5,98.25,2.515,88.95,57.77784,1,15.559,6.62425,256.15,162.3,86.55,9.505,354,4.5,101.5,2.5,99.5,10.5,10.5,6.5,4.5,100.5,3.5,99.5,28.91,1.3035,2.2,1,89,77,27,3.5,1.785,2.1435,3.17,85,1.5,1.315,1,5.749,5.18838,1.9832,10.3572,0.00509,1.0028,9.5831,5.9935,11.70419697,5.97777034,8.08349343,90,90,90,33,565.56163,4,141.3904075
0.53,1.52,1.57,4,32,72.61,3103,6.78,0.772,59.9,5323,1.22,1.99,0.18808,2.02,1.99,1.8,4.6,3.85,762.1,1537,3302,376.6,36.8,327.6,31.10792,4,3.488,1.485,235,146,75.6,64.8,1211,79,25,79,25,84,83,80,80,24,80,24,23.222,0.877,5.65,2,72,81,23,4,1.22,1.369,1.56,62,4.5,2.2,4,2.264,1.77,14,37,85.4678,961,4.98,0.031,52.8,1532,1.43,4.9,0.8858,0.89,0.8,0.8,2.34,0.85,403,2632,3859,80.9,2.2,69,76.2835,1,32.721,13.932,351,221,117,90,312,3,100,4,101,9,9,5,3,99,5,101,31.062,1.348,2.2,1,67,50,54,5,2.17,2.546,4.1,97,2.5,0.38,1,9.284,5.87384,1.8129,7.9383,0.00148,1.0005,1.8117,5.9996,5.81856154,5.81856154,4.74974726,90,90,120,164,139.2619258,1,139.2619258
0.53,1.52,1.57,4,32,72.61,3103,6.78,0.772,59.9,5323,1.22,1.99,0.18808,2.02,1.99,1.8,4.6,3.85,762.1,1537,3302,376.6,36.8,327.6,31.10792,4,3.488,1.485,235,146,75.6,64.8,1211,79,25,79,25,84,83,80,80,24,80,24,23.222,0.877,5.65,2,72,81,23,4,1.22,1.369,1.56,62,4.5,2.2,4,2.264,1.77,14,37,85.4678,961,4.98,0.031,52.8,1532,1.43,4.9,0.8858,0.89,0.8,0.8,2.34,0.85,403,2632,3859,80.9,2.2,69,76.2835,1,32.721,13.932,351,221,117,90,312,3,100,4,101,9,9,5,3,99,5,101,31.062,1.348,2.2,1,67,50,54,5,2.17,2.546,4.1,97,2.5,0.38,1,9.284,4.74975,1.8141,7.9504,0,1.0008,2.7623,6,5.89632816,5.89632816,9.57353483,90,90,120,186,288.2479622,2,144.1239811
0.71,1.52,2.97,12,72,178.49,4850,9.16,1.09,23,13310,0.97,1.88,0.46269,1.23,1.73,1.3,3.8,6.44,675.4,1438,2248,619.2,14.623,570.7,43.56,4,3.12,1.3,430,286,159,91.7,2495,45,57,47,59,50,49,54,46,56,48,58,25.69,0.61,3.15,4,32,35,69,6,1.44,1.58,2.91,151,3.5,104,4,2.241,1.77,14,37,85.4678,961,4.98,0.031,52.8,1532,1.43,4.9,0.8858,0.89,0.8,0.8,2.34,0.85,403,2632,3859,80.9,2.2,69,76.2835,1,32.721,13.932,351,221,117,90,312,3,100,4,101,9,9,5,3,99,5,101,31.062,1.348,2.2,1,67,50,54,5,2.17,2.546,4.1,97,2.5,0.38,1,9.284,4.76819,1.9929,10.5175,0,1.0023,8.0071,6,6.07005386,6.07005386,4.76819267,90,90,120,164,152.1491452,1,152.1491452
0.4,1.52,0.316,4,14,28.0855,2608,4.29,0.988,148,2329,1.18,1.91,0.07269,1.74,1.98,1.8,4.77,4.63,786.5,1577,3232,455.6,50.6,300,18.9662,4,19.865,8.458,189,117,60.6,6.44,1683,80,26,78,24,85,84,90,81,25,79,23,20,0.555,4.15,4,90,89,15,3,1.17,1.319,1.42,157,0.5,171,4,2.002,1.77,14,37,85.4678,961,4.98,0.031,52.8,1532,1.43,4.9,0.8858,0.89,0.8,0.8,2.34,0.85,403,2632,3859,80.9,2.2,69,76.2835,1,32.721,13.932,351,221,117,90,312,3,100,4,101,9,9,5,3,99,5,101,31.062,1.348,2.2,1,67,50,54,5,2.17,2.546,4.1,97,2.5,0.38,1,9.284,5.90666,1.7022,6.5759,0,1,0,6,8.35328337,8.35328337,8.35328337,90,90,90,225,582.8699194,4,145.7174798
0.69,1.52,2.24,3,50,118.71,2543,9.1,1.11,66.6,5800,1.41,2.3,0.30751,1.72,1.88,1.8,4.3,3.14,708.6,1412,2943,302.1,7.07,290,44.1,4,37.272,15.868,662,451,256,31.1,505,78,24,80,26,83,82,79,79,23,81,25,25.8,-1.041,5.65,2,54,63,41,5,1.4,1.623,1.88,131,0.5,0.63,4,2.705,1.77,14,37,85.4678,961,4.98,0.031,52.8,1532,1.43,4.9,0.8858,0.89,0.8,0.8,2.34,0.85,403,2632,3859,80.9,2.2,69,76.2835,1,32.721,13.932,351,221,117,90,312,3,100,4,101,9,9,5,3,99,5,101,31.062,1.348,2.2,1,67,50,54,5,2.17,2.546,4.1,97,2.5,0.38,1,9.284,4.7862,1.9831,10.3634,0,1.0022,7.7055,6,6.03077581,6.03077581,4.78619671,90,90,120,164,150.7535486,1,150.7535486
0.605,1.52,1.16,12,22,47.867,3533,4.82,1.051,21.9,4506,0.91,1.81,0.12409,1.32,1.86,1.5,3.45,4.85,658,1310,2653,469.9,14.55,425,30.686,4,5.638,2.4004,571,377,208,24.2,1933,47,59,45,57,51,51,56,48,58,46,56,25.02,0.787,3.15,2,82,71,33,4,1.32,1.462,2.58,568,2.5,6.1,4,1.764,1.77,14,37,85.4678,961,4.98,0.031,52.8,1532,1.43,4.9,0.8858,0.89,0.8,0.8,2.34,0.85,403,2632,3859,80.9,2.2,69,76.2835,1,32.721,13.932,351,221,117,90,312,3,100,4,101,9,9,5,3,99,5,101,31.062,1.348,2.2,1,67,50,54,5,2.17,2.546,4.1,97,2.5,0.38,1,9.284,5.9051,1.8634,8.6107,0,1.0013,4.4336,6,5.9051,5.9051,4.778,90,90,120,164,144.2883577,1,144.2883577
0.72,1.52,1.88,12,40,91.224,3853,6.45,0.833,22.7,6506,0.98,1.96,0.23632,1.22,1.7,1.4,3.64,6.25,660,1267,2218,600,15.6,502,38.89537,4,9.33,3.9578,419,265,145,13.9,2125,46,58,46,58,49,50,55,47,57,47,57,25.36,1.298,3,4,64,53,51,5,1.45,1.602,2.825,134,2.5,0.184,4,2.328,1.77,14,37,85.4678,961,4.98,0.031,52.8,1532,1.43,4.9,0.8858,0.89,0.8,0.8,2.34,0.85,403,2632,3859,80.9,2.2,69,76.2835,1,32.721,13.932,351,221,117,90,312,3,100,4,101,9,9,5,3,99,5,101,31.062,1.348,2.2,1,67,50,54,5,2.17,2.546,4.1,97,2.5,0.38,1,9.284,4.76286,2.0178,10.9069,0,1.0028,9.7867,6,6.110472,6.110472,4.76285719,90,90,120,164,154.00957,1,154.00957
0.4,1.52,0.316,4,14,28.0855,2608,4.29,0.988,148,2329,1.18,1.91,0.07269,1.74,1.98,1.8,4.77,4.63,786.5,1577,3232,455.6,50.6,300,18.9662,4,19.865,8.458,189,117,60.6,6.44,1683,80,26,78,24,85,84,90,81,25,79,23,20,0.555,4.15,4,90,89,15,3,1.17,1.319,1.42,157,0.5,171,4,2.002,1.77,14,37,85.4678,961,4.98,0.031,52.8,1532,1.43,4.9,0.8858,0.89,0.8,0.8,2.34,0.85,403,2632,3859,80.9,2.2,69,76.2835,1,32.721,13.932,351,221,117,90,312,3,100,4,101,9,9,5,3,99,5,101,31.062,1.348,2.2,1,67,50,54,5,2.17,2.546,4.1,97,2.5,0.38,1,9.284,5.58115,1.6999,6.5491,0.00065,1,0.1579,5.9999,7.89294496,7.89294496,5.78949022,90,90,90,127,360.6770204,2,180.3385102
0.4,1.62,0.316,4,14,28.0855,2608,4.29,0.988,148,2329,1.18,1.91,0.07269,1.74,1.98,1.8,4.77,4.63,786.5,1577,3232,455.6,50.6,300,18.9662,4,19.865,8.458,189,117,60.6,6.44,1683,80,26,78,24,85,84,90,81,25,79,23,20,0.555,4.15,4,90,89,15,3,1.17,1.319,1.42,157,0.5,171,4,2.002,2.196666667,14,49,117.0926,949.1333333,5.9,0.023666667,41.53333333,1759.333333,1.51,5.266666667,1.213473333,0.87,0.78,0.733333333,2.233333333,0.816666667,384.8,2363.333333,3537.666667,77.7,2.126666667,65.6,81.69842667,1,19.65166667,8.367066667,645.6666667,429.6666667,251,57.53333333,305.3333333,2.333333333,99.33333333,4.666666667,101.6666667,8.333333333,8.333333333,4.333333333,2.333333333,98.33333333,5.666666667,101.6666667,31.80066667,2.158666667,2.2,1,55,28.66666667,75.33333333,5.666666667,2.29,2.669333333,4.24,107.6666667,3.166666667,19.46,1,10.814,5.82705,1.7224,6.8125,0.00239,1.0001,0.2871,5.9987,8.240688,8.240688,5.959247,90,90,90,127,404.6861393,2,202.3430697
0.4,0.76,0.316,4,14,28.0855,2608,4.29,0.988,148,2329,1.18,1.91,0.07269,1.74,1.98,1.8,4.77,4.63,786.5,1577,3232,455.6,50.6,300,18.9662,4,19.865,8.458,189,117,60.6,6.44,1683,80,26,78,24,85,84,90,81,25,79,23,20,0.555,4.15,4,90,89,15,3,1.17,1.319,1.42,157,0.5,171,4,2.002,0.08,14,3,6.941,1603,1.28,0.116,84.7,531,1.75,3.06,0.07192,0.97,0.9,1,3.01,1.63,520.2,7298,11815,159.4,2.93,135,28.2609,1,38.863,16.5465,1.96,1.25,0.716,0.22,453,6,103,1,98,12,12,8,6,102,2,98,24.77,3.256,1.3,1,101,94,10,2,1.23,1.562,1.61,29,1.5,0.045,1,2.162,4.583725,1.69645,6.50465,0.000165,1.0005,1.8809,6,8.12897973,8.12897973,4.47298446,90,90,120,150,255.9765034,3,85.32550112
0.72,0.76,1.88,12,40,91.224,3853,6.45,0.833,22.7,6506,0.98,1.96,0.23632,1.22,1.7,1.4,3.64,6.25,660,1267,2218,600,15.6,502,38.89537,4,9.33,3.9578,419,265,145,13.9,2125,46,58,46,58,49,50,55,47,57,47,57,25.36,1.298,3,4,64,53,51,5,1.45,1.602,2.825,134,2.5,0.184,4,2.328,0.08,14,3,6.941,1603,1.28,0.116,84.7,531,1.75,3.06,0.07192,0.97,0.9,1,3.01,1.63,520.2,7298,11815,159.4,2.93,135,28.2609,1,38.863,16.5465,1.96,1.25,0.716,0.22,453,6,103,1,98,12,12,8,6,102,2,98,24.77,3.256,1.3,1,101,94,10,2,1.23,1.562,1.61,29,1.5,0.045,1,2.162,4.62948,2.0259,11.0798,0,1.0004,1.5175,6,4.9334022,4.9334022,4.62948023,90,90,120,162,97.5788986,1,97.5788986
0.69,1.18,2.24,3,50,118.71,2543,9.1,1.11,66.6,5800,1.41,2.3,0.30751,1.72,1.88,1.8,4.3,3.14,708.6,1412,2943,302.1,7.07,290,44.1,4,37.272,15.868,662,451,256,31.1,505,78,24,80,26,83,82,79,79,23,81,25,25.8,-1.041,5.65,2,54,63,41,5,1.4,1.623,1.88,131,0.5,0.63,4,2.705,1.8,12,38,87.62,1653,6.07,0.116,49,2540,1.39,2.92,0.45404,0.99,1.13,1,2,1.72,549.5,1064,4207,164.4,8.2,137,52.335,2,4.333,1.8451,373,236,125,95,1043,9,94,10,95,15,16,11,10,93,11,94,26.4,1.089,2.85,2,66,51,53,5,1.92,2.151,3.21,92,4.5,1.2,2,5.632,6.1018,2.3989,18.4071,0,1,0,6,8.6292,8.6292,8.6292,90,90,90,225,642.556919,4,160.6392298
0.72,1,1.88,12,40,91.224,3853,6.45,0.833,22.7,6506,0.98,1.96,0.23632,1.22,1.7,1.4,3.64,6.25,660,1267,2218,600,15.6,502,38.89537,4,9.33,3.9578,419,265,145,13.9,2125,46,58,46,58,49,50,55,47,57,47,57,25.36,1.298,3,4,64,53,51,5,1.45,1.602,2.825,134,2.5,0.184,4,2.328,1.07,12,20,40.078,1757,4.4,0.152,190,1550,1.25,2.7,0.20767,1.04,1.17,1,2.2,1.84,589.8,1145,4912,178.2,8.6,150,41.65866,2,6.728,2.8654,468,299,162,18.3,1111,10,95,9,94,16,17,12,11,94,10,93,25.31,-1.315,2.85,2,84,69,35,4,1.74,1.974,3,163,3.5,0.43,2,4.633,5.99247,2.0076,10.7894,0,1,0,6,8.47463,8.47463,8.47463,90,90,90,225,608.6424489,4,152.1606122
0.71,1,2.97,12,72,178.49,4850,9.16,1.09,23,13310,0.97,1.88,0.46269,1.23,1.73,1.3,3.8,6.44,675.4,1438,2248,619.2,14.623,570.7,43.56,4,3.12,1.3,430,286,159,91.7,2495,45,57,47,59,50,49,54,46,56,48,58,25.69,0.61,3.15,4,32,35,69,6,1.44,1.58,2.91,151,3.5,104,4,2.241,1.07,12,20,40.078,1757,4.4,0.152,190,1550,1.25,2.7,0.20767,1.04,1.17,1,2.2,1.84,589.8,1145,4912,178.2,8.6,150,41.65866,2,6.728,2.8654,468,299,162,18.3,1111,10,95,9,94,16,17,12,11,94,10,93,25.31,-1.315,2.85,2,84,69,35,4,1.74,1.974,3,163,3.5,0.43,2,4.633,5.98198,2.016,10.9242,0,1,0,6,8.4598,8.4598,8.4598,90,90,90,225,605.4527941,4,151.3631985
0.69,1,2.24,3,50,118.71,2543,9.1,1.11,66.6,5800,1.41,2.3,0.30751,1.72,1.88,1.8,4.3,3.14,708.6,1412,2943,302.1,7.07,290,44.1,4,37.272,15.868,662,451,256,31.1,505,78,24,80,26,83,82,79,79,23,81,25,25.8,-1.041,5.65,2,54,63,41,5,1.4,1.623,1.88,131,0.5,0.63,4,2.705,1.07,12,20,40.078,1757,4.4,0.152,190,1550,1.25,2.7,0.20767,1.04,1.17,1,2.2,1.84,589.8,1145,4912,178.2,8.6,150,41.65866,2,6.728,2.8654,468,299,162,18.3,1111,10,95,9,94,16,17,12,11,94,10,93,25.31,-1.315,2.85,2,84,69,35,4,1.74,1.974,3,163,3.5,0.43,2,4.633,5.90017,1.9483,9.8614,0,1,0,6,8.3441,8.3441,8.3441,90,90,90,225,580.9496585,4,145.2374146
0.53,1,1.57,4,32,72.61,3103,6.78,0.772,59.9,5323,1.22,1.99,0.18808,2.02,1.99,1.8,4.6,3.85,762.1,1537,3302,376.6,36.8,327.6,31.10792,4,3.488,1.485,235,146,75.6,64.8,1211,79,25,79,25,84,83,80,80,24,80,24,23.222,0.877,5.65,2,72,81,23,4,1.22,1.369,1.56,62,4.5,2.2,4,2.264,1.07,12,20,40.078,1757,4.4,0.152,190,1550,1.25,2.7,0.20767,1.04,1.17,1,2.2,1.84,589.8,1145,4912,178.2,8.6,150,41.65866,2,6.728,2.8654,468,299,162,18.3,1111,10,95,9,94,16,17,12,11,94,10,93,25.31,-1.315,2.85,2,84,69,35,4,1.74,1.974,3,163,3.5,0.43,2,4.633,5.4507,1.7847,7.5787,0,1,0.1364,6,5.4507,5.4507,13.972,90,90,120,148,359.4957562,3,119.8319187
0.775,1,3.28,12,82,207.2,2013,12.29,0.43,35.3,11350,1.43,2.32,0.53681,1.55,1.92,1.9,3.9,2.03,715.5,1450,3081,195,4.81,177,64.85353,4,20.921,8.898,579,402,232,120,601,77,23,81,27,82,81,78,78,22,82,26,26.44,0.584,5.65,2,22,45,59,6,1.54,1.75,2.09,104,0.5,0.171,4,3.034,1.07,12,20,40.078,1757,4.4,0.152,190,1550,1.25,2.7,0.20767,1.04,1.17,1,2.2,1.84,589.8,1145,4912,178.2,8.6,150,41.65866,2,6.728,2.8654,468,299,162,18.3,1111,10,95,9,94,16,17,12,11,94,10,93,25.31,-1.315,2.85,2,84,69,35,4,1.74,1.974,3,163,3.5,0.43,2,4.633,5.90017,1.9951,10.588,0,1,0,6,8.3441,8.3441,8.3441,90,90,90,225,580.9496585,4,145.2374146
0.775,0.72,3.28,12,82,207.2,2013,12.29,0.43,35.3,11350,1.43,2.32,0.53681,1.55,1.92,1.9,3.9,2.03,715.5,1450,3081,195,4.81,177,64.85353,4,20.921,8.898,579,402,232,120,601,77,23,81,27,82,81,78,78,22,82,26,26.44,0.584,5.65,2,22,45,59,6,1.54,1.75,2.09,104,0.5,0.171,4,3.034,0.288,12,12,24.305,1363,3.31,0.354,156,1738,1.09,2.3,0.12601,1.23,1.31,1.2,8.3,1.51,737.7,1451,7733,147.7,8.9,127.6,32.69891,2,6.12,2.606,121,74.8,38.6,4.11,922,11,96,8,93,73,18,13,12,95,9,92,24.869,0.855,2.85,2,92,87,17,3,1.36,1.602,2.03,98,2.5,0.063,2,2.324,5.25,2.1247,12.785,0,1.0002,0.6643,6,5.25,5.25,13.96,90,90,120,148,333.2227597,3,111.0742532
0.53,0.72,1.57,4,32,72.61,3103,6.78,0.772,59.9,5323,1.22,1.99,0.18808,2.02,1.99,1.8,4.6,3.85,762.1,1537,3302,376.6,36.8,327.6,31.10792,4,3.488,1.485,235,146,75.6,64.8,1211,79,25,79,25,84,83,80,80,24,80,24,23.222,0.877,5.65,2,72,81,23,4,1.22,1.369,1.56,62,4.5,2.2,4,2.264,0.288,12,12,24.305,1363,3.31,0.354,156,1738,1.09,2.3,0.12601,1.23,1.31,1.2,8.3,1.51,737.7,1451,7733,147.7,8.9,127.6,32.69891,2,6.12,2.606,121,74.8,38.6,4.11,922,11,96,8,93,73,18,13,12,95,9,92,24.869,0.855,2.85,2,92,87,17,3,1.36,1.602,2.03,98,2.5,0.063,2,2.324,5.1219,1.8133,7.9495,0,1,0.042,6,5.1219,5.1219,13.0851,90,90,120,148,297.2828582,3,99.09428606
0.69,0.74,2.24,3,50,118.71,2543,9.1,1.11,66.6,5800,1.41,2.3,0.30751,1.72,1.88,1.8,4.3,3.14,708.6,1412,2943,302.1,7.07,290,44.1,4,37.272,15.868,662,451,256,31.1,505,78,24,80,26,83,82,79,79,23,81,25,25.8,-1.041,5.65,2,54,63,41,5,1.4,1.623,1.88,131,0.5,0.63,4,2.705,1.49,12,30,65.39,1180,5.97,0.598,116,7133,1.25,2.21,0.33876,1.66,1.44,1.6,4.45,1.35,906.4,1733,3833,130.7,7.28,114.2,41.65866,12,6.254,2.663,189,117,60.3,55.4,693,71,35,69,33,76,75,18,72,34,70,32,25.4,0.874,4.35,2,74,79,25,4,1.25,1.394,1.88,115,2.5,1.1,12,1.521,5.216,1.9858,10.4404,0,1,0.0027,6,5.216,5.216,13.801,90,90,120,148,325.1744041,3,108.391468
0.775,1.35,3.28,12,82,207.2,2013,12.29,0.43,35.3,11350,1.43,2.32,0.53681,1.55,1.92,1.9,3.9,2.03,715.5,1450,3081,195,4.81,177,64.85353,4,20.921,8.898,579,402,232,120,601,77,23,81,27,82,81,78,78,22,82,26,26.44,0.584,5.65,2,22,45,59,6,1.54,1.75,2.09,104,0.5,0.171,4,3.034,2.45,14,56,137.327,1773,7.58,0.103,18.4,3510,1.44,3.35,0.71171,0.97,1.08,0.9,2.4,1.9,502.9,965,3546,180,7.8,140,62.5,2,11.113,4.7314,461,546,330,43.5,983,8,93,11,96,14,15,10,9,92,12,95,28.07,0.931,2.85,2,48,19,85,6,1.98,2.243,3.402,223,1.5,1.3,2,6.299,4.98,2.0392,11.0049,0,1.0182,58.2814,6,7.61354488,7.61354488,7.59748843,90,90,120,166,381.394568,3,127.1315227
0.775,0.74,3.28,12,82,207.2,2013,12.29,0.43,35.3,11350,1.43,2.32,0.53681,1.55,1.92,1.9,3.9,2.03,715.5,1450,3081,195,4.81,177,64.85353,4,20.921,8.898,579,402,232,120,601,77,23,81,27,82,81,78,78,22,82,26,26.44,0.584,5.65,2,22,45,59,6,1.54,1.75,2.09,104,0.5,0.171,4,3.034,1.49,12,30,65.39,1180,5.97,0.598,116,7133,1.25,2.21,0.33876,1.66,1.44,1.6,4.45,1.35,906.4,1733,3833,130.7,7.28,114.2,41.65866,12,6.254,2.663,189,117,60.3,55.4,693,71,35,69,33,76,75,18,72,34,70,32,25.4,0.874,4.35,2,74,79,25,4,1.25,1.394,1.88,115,2.5,1.1,12,1.521,5.21055,2.0277,11.1089,0,1.0004,1.6026,6,5.21055,5.21055,14.2174,90,90,120,148,334.2858159,3,111.4286053
0.72,0.74,1.88,12,40,91.224,3853,6.45,0.833,22.7,6506,0.98,1.96,0.23632,1.22,1.7,1.4,3.64,6.25,660,1267,2218,600,15.6,502,38.89537,4,9.33,3.9578,419,265,145,13.9,2125,46,58,46,58,49,50,55,47,57,47,57,25.36,1.298,3,4,64,53,51,5,1.45,1.602,2.825,134,2.5,0.184,4,2.328,1.49,12,30,65.39,1180,5.97,0.598,116,7133,1.25,2.21,0.33876,1.66,1.44,1.6,4.45,1.35,906.4,1733,3833,130.7,7.28,114.2,41.65866,12,6.254,2.663,189,117,60.3,55.4,693,71,35,69,33,76,75,18,72,34,70,32,25.4,0.874,4.35,2,74,79,25,4,1.25,1.394,1.88,115,2.5,1.1,12,1.521,5.637,2.0249,11.0699,0,1,0,6,7.972,7.972,7.972,90,90,90,225,506.642794,4,126.6606985
